month,level,subject,word,cefr,image,emoji
june,K1,,hello,Pre-A1,assets/K1/hello.jpeg,👋
june,K1,,teacher,Pre-A1,assets/K1/teacher.jpeg,👩‍🏫
june,K1,,boy,Pre-A1,assets/K1/boy.jpeg,👦
june,K1,,girl,Pre-A1,assets/K1/girl.jpeg,👧
june,K1,,welcome,Pre-A1,assets/K1/welcome.jpeg,🤗
june,K1,,goodbye,Pre-A1,assets/K1/goodbye.jpeg,👋
june,K1,,blue,Pre-A1,assets/K1/blue.jpeg,🔵
june,K1,,yellow,Pre-A1,assets/K1/yellow.jpeg,🟡
june,K1,,red,Pre-A1,assets/K1/red.jpeg,🔴
june,K1,,color,Pre-A1,assets/K1/color.jpeg,🎨
june,K1,,ball,Pre-A1,assets/K1/ball.jpeg,⚽
june,K1,,leaf,Pre-A1,assets/K1/leaf.jpeg,🍃
june,K1,,stick,Pre-A1,assets/K1/stick.jpeg,🪵
june,K1,,flower,Pre-A1,assets/K1/flower.jpeg,🌸
june,K1,,point,Pre-A1,assets/K1/point.jpeg,👉
june,K1,,find,Pre-A1,assets/K1/find.jpeg,🔍
june,K1,,alphabets,Pre-A1,assets/K1/alphabets.jpeg,
june,K1,,name,Pre-A1,assets/K1/name.jpeg,🏷️
june,K1,,sounds,Pre-A1,,
june,K1,,yes,Pre-A1,assets/K1/yes.jpeg,✅
june,K1,,no,Pre-A1,assets/K1/no.jpeg,❌
june,K1,,greetings,Pre-A1,,
june,K1,,polite,Pre-A1,assets/K1/polite.jpeg,🙇
june,K1,,fine,Pre-A1,assets/K1/fine.jpeg,👌
june,K1,,thank you,Pre-A1,assets/K1/thank_you.jpeg,🙏
june,K1,,picture,Pre-A1,assets/K1/picture.jpeg,🖼️
june,K1,,bird,Pre-A1,assets/K1/bird.jpeg,🐦
june,K1,,who,Pre-A1,assets/K1/who.jpeg,❓
june,K1,,brother,Pre-A1,assets/K1/brother.jpeg,👦
june,K1,,sister,Pre-A1,assets/K1/sister.jpeg,👧
june,K1,,mom,Pre-A1,assets/K1/mom.jpeg,👩
june,K1,,dad,Pre-A1,assets/K1/dad.jpeg,👨
june,K1,,family,Pre-A1,assets/K1/family.jpeg,👨‍👩‍👧‍👦
june,K1,,he,Pre-A1,assets/K1/he.jpeg,👦
june,K1,,she,Pre-A1,assets/K1/she.jpeg,👧
june,K1,,my,Pre-A1,assets/K1/my.jpeg,🙋
june,K1,,put on,Pre-A1,assets/K1/put_on.jpeg,👕
june,K1,,hat,Pre-A1,assets/K1/hat.jpeg,🎩
june,K1,,mittens,Pre-A1,assets/K1/mittens.jpeg,🧤
june,K1,,coat,Pre-A1,assets/K1/coat.jpeg,🧥
june,K1,,friend,Pre-A1,assets/K1/friend.jpeg,🧑‍🤝‍🧑
june,K1,,shoes,Pre-A1,,👟
june,K1,,baby,Pre-A1,assets/K1/baby.jpeg,👶
june,K1,,cat,Pre-A1,assets/K1/cat.jpeg,🐱
june,K1,,apple,Pre-A1,assets/K1/apple.jpeg,🍎
june,K1,,bus,Pre-A1,assets/K1/bus.jpeg,🚌
june,K1,,please,Pre-A1,assets/K1/please.jpeg,🙏
june,K1,,help,Pre-A1,assets/K1/help.jpeg,🤝
june,K1,,draw,Pre-A1,assets/K1/draw.jpeg,✏️
june,K1,,trace,Pre-A1,assets/K1/trace.jpeg,✍️
june,K2,,pen,Pre-A1,assets/K2/pen.jpeg,🖊️
june,K2,,brush,Pre-A1,assets/K2/brush.jpeg,🖌️
june,K2,,eraser,Pre-A1,assets/K2/eraser.jpeg,🧽
june,K2,,paper,Pre-A1,assets/K2/paper.jpeg,📄
june,K2,,glitter,Pre-A1,assets/K2/glitter.jpeg,✨
june,K2,,paint,Pre-A1,assets/K2/paint.jpeg,🎨
june,K2,,crayon,Pre-A1,assets/K2/crayon.jpeg,🖍️
june,K2,,quilt,Pre-A1,assets/K2/quilt.jpeg,🛏️
june,K2,,pencil,Pre-A1,assets/K2/pencil.jpeg,✏️
june,K2,,book,Pre-A1,assets/K2/book.jpeg,📖
june,K2,,bag,Pre-A1,assets/K2/bag.jpeg,🎒
june,K2,,black,Pre-A1,assets/K2/black.jpeg,⚫
june,K2,,white,Pre-A1,assets/K2/white.jpeg,⚪
june,K2,,gray,Pre-A1,assets/K2/gray.jpeg,🩶
june,K2,,brown,Pre-A1,assets/K2/brown.jpeg,🟤
june,K2,,red,Pre-A1,assets/K2/red.jpeg,🔴
june,K2,,purple,Pre-A1,assets/K2/purple.jpeg,🟣
june,K2,,green,Pre-A1,assets/K2/green.jpeg,🟢
june,K2,,yellow,Pre-A1,assets/K2/yellow.jpeg,🟡
june,K2,,orange,Pre-A1,assets/K2/orange.jpeg,🟠
june,K2,,idea,Pre-A1,assets/K2/idea.jpeg,💡
june,K2,,rock,Pre-A1,assets/K2/rock.jpeg,🪨
june,K2,,log,Pre-A1,assets/K2/log.jpeg,🪵
june,K2,,next,Pre-A1,assets/K2/next.jpeg,➡️
june,K2,,team,Pre-A1,assets/K2/team.jpeg,👥
june,K2,,feather,Pre-A1,assets/K2/feather.jpeg,🪶
june,K2,,banana,Pre-A1,assets/K2/banana.jpeg,🍌
june,K2,,bird,Pre-A1,assets/K2/bird.jpeg,🐦
june,K2,,fish,Pre-A1,assets/K2/fish.jpeg,🐟
june,K2,,dog,Pre-A1,assets/K2/dog.jpeg,🐶
june,K2,,spider,Pre-A1,assets/K2/spider.jpeg,🕷️
june,K2,,rabbit,Pre-A1,assets/K2/rabbit.jpeg,🐰
june,K2,,cars,Pre-A1,,
june,K2,,teddy bear,Pre-A1,assets/K2/teddy_bear.jpeg,🧸
june,K2,,elephant,Pre-A1,assets/K2/elephant.jpeg,🐘
june,K2,,cat,Pre-A1,assets/K2/cat.jpeg,🐱
june,K2,,jump,Pre-A1,assets/K2/jump.jpeg,🦘
june,K2,,fly,Pre-A1,assets/K2/fly.jpeg,🕊️
june,K2,,crawl,Pre-A1,assets/K2/crawl.jpeg,🧎
june,K2,,swim,Pre-A1,assets/K2/swim.jpeg,🏊
june,K2,,circle,Pre-A1,assets/K2/circle.jpeg,⭕
june,K2,,square,Pre-A1,assets/K2/square.jpeg,🟦
june,K2,,triangle,Pre-A1,assets/K2/triangle.jpeg,🔺
june,K2,,star,Pre-A1,assets/K2/star.jpeg,⭐
june,K2,,arms,Pre-A1,assets/K2/arms.jpeg,💪
june,K2,,legs,Pre-A1,,
june,K2,,eyes,Pre-A1,,
june,K2,,ears,Pre-A1,,
june,K2,,mouth,Pre-A1,assets/K2/mouth.jpeg,👄
june,K2,,nose,Pre-A1,assets/K2/nose.jpeg,👃
june,K3,,mom,A1,assets/K3/mom.jpeg,👩
june,K3,,dad,A1,assets/K3/dad.jpeg,👨
june,K3,,grandma,A1,assets/K3/grandma.jpeg,👵
june,K3,,grandpa,A1,assets/K3/grandpa.jpeg,👴
june,K3,,kitten,A1,assets/K3/kitten.jpeg,🐱
june,K3,,pen,A1,,🖊️
june,K3,,frogs,A1,assets/K3/frogs.jpeg,🐸
june,K3,,erasers,A1,,
june,K3,,socks,A1,,🧦
june,K3,,beans,A1,,
june,K3,,stars,A1,,
june,K3,,eleven,A1,assets/K3/eleven.jpeg,1️⃣1️⃣
june,K3,,twelve,A1,assets/K3/twelve.jpeg,1️⃣2️⃣
june,K3,,thirteen,A1,assets/K3/thirteen.jpeg,1️⃣3️⃣
june,K3,,fourteen,A1,assets/K3/fourteen.jpeg,1️⃣4️⃣
june,K3,,fifteen,A1,assets/K3/fifteen.jpeg,1️⃣5️⃣
june,K3,,sixteen,A1,assets/K3/sixteen.jpeg,1️⃣6️⃣
june,K3,,seventeen,A1,assets/K3/seventeen.jpeg,1️⃣7️⃣
june,K3,,eighteen,A1,assets/K3/eighteen.jpeg,1️⃣8️⃣
june,K3,,nineteen,A1,assets/K3/nineteen.jpeg,1️⃣9️⃣
june,K3,,twenty,A1,assets/K3/twenty.jpeg,2️⃣0️⃣
june,K3,,sad,A1,assets/K3/sad.jpeg,😢
june,K3,,happy,A1,assets/K3/happy.jpeg,😊
june,K3,,cold,A1,assets/K3/cold.jpeg,🥶
june,K3,,hot,A1,assets/K3/hot.jpeg,🔥
june,K3,,puddles,A1,,
june,K3,,coat,A1,assets/K3/coat.jpeg,🧥
june,K3,,boots,A1,,🥾
june,K3,,bedroom,A1,assets/K3/bedroom.jpeg,🛏️
june,K3,,hat,A1,assets/K3/hat.jpeg,🎩
june,K3,,rainy,A1,assets/K3/rainy.jpeg,🌧️
june,K3,,sunny,A1,assets/K3/sunny.jpeg,☀️
june,K3,,rain,A1,assets/K3/rain.jpeg,🌧️
june,K3,,run,A1,assets/K3/run.jpeg,🏃
june,K3,,jump,A1,assets/K3/jump.jpeg,🦘
june,K3,,sing,A1,assets/K3/sing.jpeg,🎤
june,K3,,dance,A1,assets/K3/dance.jpeg,💃
june,K3,,walk,A1,assets/K3/walk.jpeg,🚶
june,K3,,talk,A1,assets/K3/talk.jpeg,🗣️
june,K3,,sit,A1,assets/K3/sit.jpeg,🪑
june,K3,,climb,A1,assets/K3/climb.jpeg,🧗
june,K3,,swing,A1,assets/K3/swing.jpeg,🛝
june,K3,,play,A1,assets/K3/play.jpeg,🎮
june,K3,,Monday,A1,assets/K3/monday.jpeg,📅
june,K3,,Tuesday,A1,assets/K3/tuesday.jpeg,📅
june,K3,,Wednesday,A1,assets/K3/wednesday.jpeg,📅
june,K3,,Thursday,A1,assets/K3/thursday.jpeg,📅
june,K3,,Friday,A1,assets/K3/friday.jpeg,📅
june,K3,,Saturday,A1,assets/K3/saturday.jpeg,📅
june,K3,,Sunday,A1,assets/K3/sunday.jpeg,📅
june,P1,Go Get Maths,number,A1,assets/P1/number.jpeg,🔢
june,P1,Science,plant,A1,assets/P1/plant.jpeg,🌱
june,P1,English,pen,A1,assets/P1/pen.jpeg,🖊️
june,P1,Go Get Maths,compare,A1,assets/P1/compare.jpeg,⚖️
june,P1,Science,tree,A1,,🌳
june,P1,English,pencil,A1,assets/P1/pencil.jpeg,✏️
june,P1,Go Get Maths,order,A1,assets/P1/order.jpeg,🔢
june,P1,Science,flower,A1,assets/P1/flower.jpeg,🌸
june,P1,English,book,A1,assets/P1/book.jpeg,📖
june,P1,Go Get Maths,count,A1,assets/P1/count.jpeg,🔢
june,P1,Science,leaf,A1,assets/P1/leaf.jpeg,🍃
june,P1,English,picture,A1,assets/P1/picture.jpeg,🖼️
june,P1,Go Get Maths,one,A1,assets/P1/one.jpeg,1️⃣
june,P1,Science,stem,A1,assets/P1/stem.jpeg,🌱
june,P1,English,chair,A1,assets/P1/chair.jpeg,🪑
june,P1,Go Get Maths,two,A1,assets/P1/two.jpeg,2️⃣
june,P1,Science,root,A1,assets/P1/root.jpeg,🌱
june,P1,English,table,A1,assets/P1/table.jpeg,🪑
june,P1,Go Get Maths,three,A1,assets/P1/three.jpeg,3️⃣
june,P1,Science,seed,A1,assets/P1/seed.jpeg,🌱
june,P1,English,teacher,A1,assets/P1/teacher.jpeg,👩‍🏫
june,P1,Go Get Maths,four,A1,assets/P1/four.jpeg,4️⃣
june,P1,Science,petal,A1,assets/P1/petal.jpeg,🌸
june,P1,English,children,A1,assets/P1/children.jpeg,🧒
june,P1,Go Get Maths,five,A1,assets/P1/five.jpeg,5️⃣
june,P1,Science,soil,A1,assets/P1/soil.jpeg,🟫
june,P1,English,classroom,A1,assets/P1/classroom.jpeg,🏫
june,P1,Go Get Maths,six,A1,assets/P1/six.jpeg,6️⃣
june,P1,Science,pot,A1,assets/P1/pot.jpeg,🍲
june,P1,English,friend,A1,assets/P1/friend.jpeg,🧑‍🤝‍🧑
june,P1,Go Get Maths,seven,A1,assets/P1/seven.jpeg,7️⃣
june,P1,Science,dog,A1,assets/P1/dog.jpeg,🐶
june,P1,English,clock,A1,assets/P1/clock.jpeg,🕐
june,P1,Go Get Maths,eight,A1,assets/P1/eight.jpeg,8️⃣
june,P1,Science,cat,A1,assets/P1/cat.jpeg,🐱
june,P1,English,computer,A1,assets/P1/computer.jpeg,💻
june,P1,Go Get Maths,nine,A1,assets/P1/nine.jpeg,9️⃣
june,P1,Science,bird,A1,assets/P1/bird.jpeg,🐦
june,P1,English,family,A1,assets/P1/family.jpeg,👨‍👩‍👧‍👦
june,P1,Go Get Maths,ten,A1,assets/P1/ten.jpeg,🔟
june,P1,Science,fish,A1,assets/P1/fish.jpeg,🐟
june,P1,English,house,A1,assets/P1/house.jpeg,🏠
june,P1,Go Get Maths,block,A1,assets/P1/block.jpeg,🧱
june,P1,Science|English,frog,A1,assets/P1/frog.jpeg,🐸
june,P1,English,mother,A1,assets/P1/mother.jpeg,👩
june,P1,Go Get Maths,count on,A1,assets/P1/count_on.jpeg,🔢
june,P1,Science,insect,A1,assets/P1/insect.jpeg,🐛
june,P1,English,father,A1,assets/P1/father.jpeg,👨
june,P1,Go Get Maths,count back,A1,assets/P1/count_back.jpeg,🔢
june,P1,Science,butterfly,A1,,🦋
june,P1,English,grandmother,A1,assets/P1/grandmother.jpeg,👵
june,P1,Go Get Maths,numeral,A1,assets/P1/numeral.jpeg,🔢
june,P1,Science,turtle,A1,assets/P1/turtle.jpeg,🐢
june,P1,English,grandfather,A1,assets/P1/grandfather.jpeg,👴
june,P1,Go Get Maths,word,A1,,
june,P1,Science,rabbit,A1,assets/P1/rabbit.jpeg,🐰
june,P1,English,garden,A1,assets/P1/garden.jpeg,🌷
june,P1,Go Get Maths,more,A1,assets/P1/more.jpeg,
june,P1,Science,bee,A1,assets/P1/bee.jpeg,🐝
june,P1,English,door,A1,assets/P1/door.jpeg,🚪
june,P1,Go Get Maths,less,A1,assets/P1/less.jpeg,
june,P1,Science,feather,A1,assets/P1/feather.jpeg,🪶
june,P1,English,car,A1,assets/P1/car.jpeg,🚗
june,P1,Go Get Maths,equal,A1,assets/P1/equal.jpeg,🟰
june,P1,Science,fur,A1,assets/P1/fur.jpeg,🧸
june,P1,English,sister,A1,assets/P1/sister.jpeg,👧
june,P1,Go Get Maths,not equal,A1,assets/P1/not_equal.jpeg,≠
june,P1,Science,scale,A1,assets/P1/scale.jpeg,⚖️
june,P1,English,look,A1,assets/P1/look.jpeg,👀
june,P1,Go Get Maths,match,A1,assets/P1/match.jpeg,🔗
june,P1,Science,wing,A1,assets/P1/wing.jpeg,🪽
june,P1,English,listen,A1,assets/P1/listen.jpeg,👂
june,P1,Go Get Maths,thing,A1,,
june,P1,Science,tail,A1,assets/P1/tail.jpeg,🐕
june,P1,English,read,A1,assets/P1/read.jpeg,📖
june,P1,Go Get Maths,smaller than,A1,assets/P1/smaller_than.jpeg,
june,P1,Science,beak,A1,assets/P1/beak.jpeg,🐦
june,P1,English,story,A1,assets/P1/story.jpeg,📖
june,P1,Go Get Maths,greater than,A1,assets/P1/greater_than.jpeg,
june,P1,Science,shell,A1,assets/P1/shell.jpeg,🐚
june,P1,English|Science,write,A1,assets/P1/write.jpeg,✍️
june,P1,Go Get Maths,fewer,A1,assets/P1/fewer.jpeg,
june,P1,Science,paw,A1,assets/P1/paw.jpeg,🐾
june,P1,English,colours,A1,,
june,P1,Go Get Maths,greatest,A1,assets/P1/greatest.jpeg,
june,P1,Science,leg,A1,assets/P1/leg.jpeg,🦵
june,P1,English,alphabet,A1,assets/P1/alphabet.jpeg,🔤
june,P1,Go Get Maths,smallest,A1,assets/P1/smallest.jpeg,
june,P1,Science,tooth,A1,assets/P1/tooth.jpeg,🦷
june,P1,English,numbers,A1,assets/P1/numbers.jpeg,🔢
june,P1,Go Get Maths,put,A1,assets/P1/put.jpeg,📥
june,P1,Science,observe,A1,assets/P1/observe.jpeg,👀
june,P1,English,blanket,A1,assets/P1/blanket.jpeg,🛏️
june,P1,Go Get Maths,start,A1,assets/P1/start.jpeg,▶️
june,P1,Science,question,A1,assets/P1/question.jpeg,❓
june,P1,English,club,A1,assets/P1/club.jpeg,🎪
june,P1,Go Get Maths,ordinal,A1,assets/P1/ordinal.jpeg,
june,P1,Science,sort,A1,assets/P1/sort.jpeg,🗂️
june,P1,English,broom,A1,assets/P1/broom.jpeg,🧹
june,P1,Go Get Maths,first,A1,assets/P1/first.jpeg,1️⃣
june,P1,Science,label,A1,assets/P1/label.jpeg,🏷️
june,P1,English,crab,A1,assets/P1/crab.jpeg,🦀
june,P1,Go Get Maths,second,A1,assets/P1/second.jpeg,
june,P1,Science,same,A1,assets/P1/same.jpeg,
june,P1,English,bride,A1,assets/P1/bride.jpeg,👰
june,P1,Go Get Maths,third,A1,assets/P1/third.jpeg,3️⃣
june,P1,Science,different,A1,assets/P1/different.jpeg,
june,P1,English,crayon,A1,,🖍️
june,P1,Go Get Maths,fourth,A1,assets/P1/fourth.jpeg,4️⃣
june,P1,Science,living,A1,assets/P1/living.jpeg,
june,P1,English,crocodile,A1,assets/P1/crocodile.jpeg,🐊
june,P1,Go Get Maths,fifth,A1,assets/P1/fifth.jpeg,5️⃣
june,P1,Science,big,A1,assets/P1/big.jpeg,🐘
june,P1,English,fly,A1,assets/P1/fly.jpeg,🕊️
june,P1,Go Get Maths,sixth,A1,assets/P1/sixth.jpeg,6️⃣
june,P1,Science,small,A1,assets/P1/small.jpeg,🐜
june,P1,English,flag,A1,assets/P1/flag.jpeg,🚩
june,P1,Go Get Maths,seventh,A1,assets/P1/seventh.jpeg,7️⃣
june,P1,Science,colour,A1,assets/P1/colour.jpeg,🎨
june,P1,English,globe,A1,assets/P1/globe.jpeg,🌍
june,P1,Go Get Maths,eighth,A1,assets/P1/eighth.jpeg,8️⃣
june,P1,Science,sunlight,A1,assets/P1/sunlight.jpeg,☀️
june,P1,English,glass,A1,assets/P1/glass.jpeg,🥛
june,P1,Go Get Maths,ninth,A1,assets/P1/ninth.jpeg,9️⃣
june,P1,Science,water,A1,assets/P1/water.jpeg,💧
june,P1,Go Get Maths,tenth,A1,assets/P1/tenth.jpeg,🔟
june,P1,Science,air,A1,assets/P1/air.jpeg,💨
june,P1,English,Friday,A1,assets/P1/friday.jpeg,📅
june,P1,Go Get Maths,left,A1,assets/P1/left.jpeg,
june,P1,Science,grow,A1,assets/P1/grow.jpeg,🌱
june,P1,English|Science,green,A1,assets/P1/green.jpeg,🟢
june,P1,Go Get Maths,right,A1,assets/P1/right.jpeg,
june,P1,Science,sprout,A1,assets/P1/sprout.jpeg,🌱
june,P1,English,plate,A1,assets/P1/plate.jpeg,🍽️
june,P1,Go Get Maths,from,A1,assets/P1/from.jpeg,
june,P1,English,play,A1,assets/P1/play.jpeg,🎮
june,P1,Go Get Maths,position,A1,assets/P1/position.jpeg,
june,P1,Science,brown,A1,assets/P1/brown.jpeg,🟤
june,P1,English,slide,A1,assets/P1/slide.jpeg,🛝
june,P1,Go Get Maths,bond,A1,assets/P1/bond.jpeg,🔗
june,P1,Science,draw,A1,assets/P1/draw.jpeg,✏️
june,P1,English,sleep,A1,assets/P1/sleep.jpeg,😴
june,P1,Go Get Maths,whole,A1,assets/P1/whole.jpeg,⭕
june,P1,English,drum,A1,assets/P1/drum.jpeg,🥁
june,P1,Go Get Maths,part,A1,assets/P1/part.jpeg,🧩
june,P1,Science,science,A1,assets/P1/science.jpeg,🔬
june,P1,English,dress,A1,assets/P1/dress.jpeg,👗
june,P2,,camp,A2,assets/P2/camp.jpeg,🏕️
june,P2,,yoga studio,A2,assets/P2/yoga_studio.jpeg,🧘
june,P2,,kitchen,A2,assets/P2/kitchen.jpeg,🍳
june,P2,,gardens,A2,,
june,P2,,main hall,A2,assets/P2/main_hall.jpeg,🏛️
june,P2,,media drama,A2,assets/P2/media_drama.jpeg,🎬
june,P2,,music,A2,assets/P2/music.jpeg,🎵
june,P2,,science,A2,assets/P2/science.jpeg,🔬
june,P2,,first aid,A2,assets/P2/first_aid.jpeg,🩹
june,P2,,sports field,A2,assets/P2/sports_field.jpeg,🏟️
june,P2,,volleyball court,A2,assets/P2/volleyball_court.jpeg,🏐
june,P2,,early years,A2,assets/P2/early_years.jpeg,
june,P2,,classrooms,A2,,
june,P2,,way in,A2,assets/P2/way_in.jpeg,➡️
june,P2,,way out,A2,assets/P2/way_out.jpeg,🚪
june,P2,,gym,A2,assets/P2/gym.jpeg,🏋️
june,P2,,child,A2,assets/P2/child.jpeg,🧒
june,P2,,baby,A2,assets/P2/baby.jpeg,👶
june,P2,,box,A2,assets/P2/box.jpeg,📦
june,P2,,leaf,A2,assets/P2/leaf.jpeg,🍃
june,P2,,fish,A2,assets/P2/fish.jpeg,🐟
june,P2,,school,A2,assets/P2/school.jpeg,🏫
june,P2,,eleven,A2,assets/P2/eleven.jpeg,1️⃣1️⃣
june,P2,,twelve,A2,assets/P2/twelve.jpeg,1️⃣2️⃣
june,P2,,thirteen,A2,assets/P2/thirteen.jpeg,1️⃣3️⃣
june,P2,,fourteen,A2,assets/P2/fourteen.jpeg,1️⃣4️⃣
june,P2,,fifteen,A2,assets/P2/fifteen.jpeg,1️⃣5️⃣
june,P2,,sixteen,A2,assets/P2/sixteen.jpeg,1️⃣6️⃣
june,P2,,seventeen,A2,assets/P2/seventeen.jpeg,1️⃣7️⃣
june,P2,,eighteen,A2,assets/P2/eighteen.jpeg,1️⃣8️⃣
june,P2,,nineteen,A2,assets/P2/nineteen.jpeg,1️⃣9️⃣
june,P2,,twenty,A2,assets/P2/twenty.jpeg,2️⃣0️⃣
june,P2,,measure,A2,assets/P2/measure.jpeg,📏
june,P2,,centimeter,A2,assets/P2/centimeter.jpeg,📏
june,P2,,beard,A2,,
june,P2,,crayon,A2,assets/P2/crayon.jpeg,🖍️
june,P2,,delete,A2,assets/P2/delete.jpeg,🗑️
june,P2,,cake,A2,assets/P2/cake.jpeg,🍰
june,P2,,train,A2,assets/P2/train.jpeg,🚂
june,P2,,tray,A2,assets/P2/tray.jpeg,🍽️
june,P2,,snake,A2,assets/P2/snake.jpeg,🐍
june,P2,,snail,A2,assets/P2/snail.jpeg,🐌
june,P2,,curl,A2,,
june,P2,,athlete,A2,assets/P2/athlete.jpeg,🏃
june,P2,,tree,A2,assets/P2/tree.jpeg,🌳
june,P2,,seat,A2,assets/P2/seat.jpeg,💺
june,P2,,Chinese,A2,assets/P2/chinese.jpeg,
june,P2,,pen,A2,assets/P2/pen.jpeg,🖊️
june,P2,,map,A2,assets/P2/map.jpeg,🗺️
june,P2,,feet,A2,assets/P2/feet.jpeg,🦶
june,P3,,clock,A2,assets/P3/clock.jpeg,🕐
june,P3,,time,A2,assets/P3/time.jpeg,⏰
june,P3,,quarter,A2,assets/P3/quarter.jpeg,🕒
june,P3,,chores,A2,,
june,P3,,routine,A2,assets/P3/routine.jpeg,🔁
june,P3,,question,A2,assets/P3/question.jpeg,❓
june,P3,,task,A2,assets/P3/task.jpeg,📋
june,P3,,help,A2,assets/P3/help.jpeg,🤝
june,P3,,bake,A2,assets/P3/bake.jpeg,🧁
june,P3,,clean,A2,assets/P3/clean.jpeg,✨
june,P3,,wash,A2,assets/P3/wash.jpeg,🧼
june,P3,,action,A2,assets/P3/action.jpeg,🎬
june,P3,,person,A2,assets/P3/person.jpeg,🧍
june,P3,,place,A2,assets/P3/place.jpeg,📍
june,P3,,object,A2,assets/P3/object.jpeg,
june,P3,,feed,A2,assets/P3/feed.jpeg,🍼
june,P3,,iron,A2,assets/P3/iron.jpeg,🧺
june,P3,,shoelace,A2,assets/P3/shoelace.jpeg,👟
june,P3,,dish,A2,assets/P3/dish.jpeg,🍽️
june,P3,,rubbish,A2,assets/P3/rubbish.jpeg,🗑️
june,P3,,study,A2,assets/P3/study.jpeg,📚
june,P3,,homework,A2,assets/P3/homework.jpeg,📝
june,P3,,laundry,A2,assets/P3/laundry.jpeg,🧺
june,P3,,diary,A2,assets/P3/diary.jpeg,📔
june,P3,,pet,A2,assets/P3/pet.jpeg,🐶
june,P3,,drive,A2,assets/P3/drive.jpeg,🚗
june,P3,,shop,A2,,🏪
june,P3,,home,A2,assets/P3/home.jpeg,🏠
june,P3,,brick,A2,assets/P3/brick.jpeg,🧱
june,P3,,straw,A2,assets/P3/straw.jpeg,🥤
june,P3,,stick,A2,assets/P3/stick.jpeg,🪵
june,P3,,hen,A2,assets/P3/hen.jpeg,🐔
june,P3,,friend,A2,assets/P3/friend.jpeg,🧑‍🤝‍🧑
june,P3,,good,A2,assets/P3/good.jpeg,👍
june,P3,,bad,A2,assets/P3/bad.jpeg,👎
june,P3,,story,A2,,📖
june,P3,,work,A2,assets/P3/work.jpeg,💼
june,P3,,bread,A2,assets/P3/bread.jpeg,🍞
june,P3,,flour,A2,assets/P3/flour.jpeg,🌾
june,P3,,dig,A2,assets/P3/dig.jpeg,🪏
june,P3,,ground,A2,assets/P3/ground.jpeg,🟫
june,P3,,skin,A2,,🧴
june,P3,,plant,A2,assets/P3/plant.jpeg,🌱
june,P3,,wheat,A2,assets/P3/wheat.jpeg,🌾
june,P3,,little,A2,assets/P3/little.jpeg,
june,P3,,seed,A2,assets/P3/seed.jpeg,🌱
june,P3,,harvest,A2,assets/P3/harvest.jpeg,🌾
june,P3,,lazy,A2,assets/P3/lazy.jpeg,
june,P3,,dough,A2,assets/P3/dough.jpeg,🥟
june,P3,,share,A2,assets/P3/share.jpeg,🤝
june,P4,,aerial,A2,assets/P4/aerial.jpeg,
june,P4,,air steward,A2,assets/P4/air_steward.jpeg,🧑‍✈️
june,P4,,beneath,A2,assets/P4/beneath.jpeg,
june,P4,,camel,A2,,🐫
june,P4,,check-in,A2,assets/P4/check_in.jpeg,
june,P4,,comfortable,A2,assets/P4/comfortable.jpeg,😌
june,P4,,coil,A2,assets/P4/coil.jpeg,🌀
june,P4,,dairy,A2,assets/P4/dairy.jpeg,🥛
june,P4,,dense,A2,assets/P4/dense.jpeg,
june,P4,,departures,A2,,
june,P4,,desert,A2,assets/P4/desert.jpeg,🏜️
june,P4,,diary,A2,assets/P4/diary.jpeg,📔
june,P4,,diary entry,A2,assets/P4/diary_entry.jpeg,📔
june,P4,,fasten,A2,assets/P4/fasten.jpeg,🔒
june,P4,,fierce,A2,assets/P4/fierce.jpeg,🐯
june,P4,,flight attendant,A2,assets/P4/flight_attendant.jpeg,🧑‍✈️
june,P4,,footprint,A2,assets/P4/footprint.jpeg,
june,P4,,gasp,A2,assets/P4/gasp.jpeg,😮
june,P4,,handwrite,A2,,
june,P4,,huge,A2,assets/P4/huge.jpeg,
june,P4,,island,A2,assets/P4/island.jpeg,🏝️
june,P4,,land,A2,,🏞️
june,P4,,lash,A2,assets/P4/lash.jpeg,🌊
june,P4,,large,A2,,
june,P4,,leap,A2,assets/P4/leap.jpeg,🦘
june,P4,,lift,A2,assets/P4/lift.jpeg,🏋️
june,P4,,magazines,A2,,
june,P4,,neat,A2,assets/P4/neat.jpeg,✨
june,P4,,pagoda,A2,assets/P4/pagoda.jpeg,🏯
june,P4,,photograph,A2,assets/P4/photograph.jpeg,📷
june,P4,,printable,A2,assets/P4/printable.jpeg,
june,P4,,programmer,A2,assets/P4/programmer.jpeg,🧑‍💻
june,P4,,readable,A2,assets/P4/readable.jpeg,
june,P4,,recoil,A2,assets/P4/recoil.jpeg,↩️
june,P4,,rice grower,A2,assets/P4/rice_grower.jpeg,🌾
june,P4,,riverbank,A2,assets/P4/riverbank.jpeg,🏞️
june,P4,,roar,A2,assets/P4/roar.jpeg,🦁
june,P4,,rowing boat,A2,assets/P4/rowing_boat.jpeg,🚣
june,P4,,sail,A2,assets/P4/sail.jpeg,⛵
june,P4,,sailor,A2,assets/P4/sailor.jpeg,⛵
june,P4,,security scanner,A2,assets/P4/security_scanner.jpeg,🛃
june,P4,,ship-wrecked,A2,assets/P4/ship_wrecked.jpeg,🚢
june,P4,,sightseeing,A2,assets/P4/sightseeing.jpeg,📸
june,P4,,stallion,A2,assets/P4/stallion.jpeg,🐴
june,P4,,stretch,A2,assets/P4/stretch.jpeg,🧘
june,P4,,survive,A2,assets/P4/survive.jpeg,💪
june,P4,,take-off,A2,assets/P4/take_off.jpeg,
june,P4,,thunder,A2,assets/P4/thunder.jpeg,⛈️
june,P4,,towards,A2,,
june,P4,,travel,A2,assets/P4/travel.jpeg,🧳
june,P5,,grumpy,B1,assets/P5/grumpy.jpeg,😠
june,P5,,excited,B1,assets/P5/excited.jpeg,🤩
june,P5,,confident,B1,assets/P5/confident.jpeg,😎
june,P5,,sorry,B1,assets/P5/sorry.jpeg,😔
june,P5,,angry,B1,assets/P5/angry.jpeg,😠
june,P5,,proud,B1,assets/P5/proud.jpeg,😌
june,P5,,afraid,B1,assets/P5/afraid.jpeg,😨
june,P5,,upset,B1,assets/P5/upset.jpeg,😢
june,P5,,nervous,B1,assets/P5/nervous.jpeg,😰
june,P5,,curious,B1,assets/P5/curious.jpeg,🤔
june,P5,,shocked,B1,assets/P5/shocked.jpeg,😲
june,P5,,scared,B1,assets/P5/scared.jpeg,😨
june,P5,,cross,B1,assets/P5/cross.jpeg,❌
june,P5,,bored,B1,assets/P5/bored.jpeg,😑
june,P5,,brave,B1,assets/P5/brave.jpeg,🦁
june,P5,,hockey,B1,assets/P5/hockey.jpeg,🏒
june,P5,,habits,B1,,
june,P5,,states,B1,,
june,P5,,opinions,B1,,
june,P5,,routine,B1,assets/P5/routine.jpeg,🔁
june,P5,,caption,B1,assets/P5/caption.jpeg,💬
june,P5,,perform,B1,assets/P5/perform.jpeg,🎭
june,P5,,statement,B1,assets/P5/statement.jpeg,
june,P5,,reminder,B1,assets/P5/reminder.jpeg,⏰
june,P5,,change,B1,assets/P5/change.jpeg,🔄
june,P5,,feature,B1,assets/P5/feature.jpeg,
june,P5,,street,B1,assets/P5/street.jpeg,🛣️
june,P5,,think,B1,assets/P5/think.jpeg,🤔
june,P5,,challenge,B1,assets/P5/challenge.jpeg,
june,P5,,presentation,B1,assets/P5/presentation.jpeg,📊
june,P5,,large group,B1,assets/P5/large_group.jpeg,
june,P5,,leader,B1,assets/P5/leader.jpeg,🧑‍💼
june,P5,,frighten,B1,assets/P5/frighten.jpeg,😱
june,P5,,surprise,B1,assets/P5/surprise.jpeg,😲
june,P5,,interest,B1,assets/P5/interest.jpeg,
june,P5,,disappoint,B1,assets/P5/disappoint.jpeg,😞
june,P5,,pictogram,B1,assets/P5/pictogram.jpeg,📊
june,P5,,data,B1,assets/P5/data.jpeg,📊
june,P5,,pie chart,B1,assets/P5/pie_chart.jpeg,🥧
june,P5,,graph,B1,assets/P5/graph.jpeg,📈
june,P5,,reports,B1,,
june,P5,,percentage,B1,assets/P5/percentage.jpeg,％
june,P5,,represent,B1,assets/P5/represent.jpeg,🪧
june,P5,,record,B1,assets/P5/record.jpeg,⏺️
june,P5,,argue,B1,assets/P5/argue.jpeg,😤
june,P5,,tidy,B1,assets/P5/tidy.jpeg,🧹
june,P5,,stress,B1,assets/P5/stress.jpeg,😩
june,P5,,section,B1,assets/P5/section.jpeg,📑
june,P5,,experiment,B1,assets/P5/experiment.jpeg,🧪
june,P5,,straight line,B1,assets/P5/straight_line.jpeg,➖
june,P6,,passport,B1,assets/P6/passport.jpeg,🛂
june,P6,,represent,B1,assets/P6/represent.jpeg,🪧
june,P6,,game changer,B1,assets/P6/game_changer.jpeg,🔄
june,P6,,display,B1,assets/P6/display.jpeg,🖥️
june,P6,,trouble,B1,assets/P6/trouble.jpeg,⚠️
june,P6,,travel,B1,assets/P6/travel.jpeg,🧳
june,P6,,shield,B1,assets/P6/shield.jpeg,🛡️
june,P6,,strange,B1,assets/P6/strange.jpeg,
june,P6,,audience,B1,assets/P6/audience.jpeg,👥
june,P6,,expression,B1,assets/P6/expression.jpeg,
june,P6,,important,B1,assets/P6/important.jpeg,
june,P6,,belief,B1,assets/P6/belief.jpeg,
june,P6,,bunk,B1,assets/P6/bunk.jpeg,🛏️
june,P6,,suggestion,B1,assets/P6/suggestion.jpeg,💡
june,P6,,character,B1,assets/P6/character.jpeg,🎭
june,P6,,reason,B1,assets/P6/reason.jpeg,
june,P6,,information,B1,assets/P6/information.jpeg,ℹ️
june,P6,,cabin,B1,assets/P6/cabin.jpeg,🛖
june,P6,,charity,B1,assets/P6/charity.jpeg,💝
june,P6,,conversation,B1,assets/P6/conversation.jpeg,💬
june,P6,,nationality,B1,assets/P6/nationality.jpeg,
june,P6,,backyard,B1,assets/P6/backyard.jpeg,🏡
june,P6,,biography,B1,assets/P6/biography.jpeg,
june,P6,,donor,B1,assets/P6/donor.jpeg,🎁
june,P6,,journey,B1,assets/P6/journey.jpeg,🧳
june,P6,,create,B1,assets/P6/create.jpeg,
june,P6,,knowledge,B1,assets/P6/knowledge.jpeg,🧠
june,P6,,autobiography,B1,assets/P6/autobiography.jpeg,
june,P6,,technology,B1,assets/P6/technology.jpeg,💻
june,P6,,queue,B1,assets/P6/queue.jpeg,🚶
june,P6,,coat of arms,B1,assets/P6/coat_of_arms.jpeg,🛡️
june,P6,,truth,B1,assets/P6/truth.jpeg,✅
june,P6,,inspirational,B1,assets/P6/inspirational.jpeg,
june,P6,,expert,B1,assets/P6/expert.jpeg,🎓
june,P6,,manage,B1,assets/P6/manage.jpeg,📋
june,P6,,symbol,B1,assets/P6/symbol.jpeg,🔣
june,P6,,respect,B1,assets/P6/respect.jpeg,🙏
june,P6,,calypso,B1,assets/P6/calypso.jpeg,🎶
june,P6,,worried,B1,assets/P6/worried.jpeg,😟
june,P6,,tricky,B1,assets/P6/tricky.jpeg,
june,P6,,motto,B1,assets/P6/motto.jpeg,📜
june,P6,,hope,B1,assets/P6/hope.jpeg,🤞
june,P6,,misty,B1,assets/P6/misty.jpeg,🌫️
june,P6,,problem,B1,assets/P6/problem.jpeg,❗
june,P6,,idiom,B1,assets/P6/idiom.jpeg,💬
june,P6,,unique,B1,assets/P6/unique.jpeg,
june,P6,,courage,B1,assets/P6/courage.jpeg,🦁
june,P6,,challenge,B1,assets/P6/challenge.jpeg,
june,P6,,solution,B1,assets/P6/solution.jpeg,💡
june,P6,,fluent,B1,assets/P6/fluent.jpeg,
july,K1,,book,Pre-A1,assets/K1/book.jpeg,📖
july,K1,,bag,Pre-A1,assets/K1/bag.jpeg,🎒
july,K1,,pencil,Pre-A1,assets/K1/pencil.jpeg,✏️
july,K1,,crayon,Pre-A1,assets/K1/crayon.jpeg,🖍️
july,K1,,match,Pre-A1,assets/K1/match.jpeg,🔗
july,K1,,missing,Pre-A1,assets/K1/missing.jpeg,❓
july,K1,,small,Pre-A1,assets/K1/small.jpeg,🐜
july,K1,,doll,Pre-A1,assets/K1/doll.jpeg,🪆
july,K1,,boat,Pre-A1,assets/K1/boat.jpeg,⛵
july,K1,,big,Pre-A1,assets/K1/big.jpeg,🐘
july,K1,,teddy bear,Pre-A1,assets/K1/teddy_bear.jpeg,🧸
july,K1,,watch,Pre-A1,assets/K1/watch.jpeg,⌚
july,K1,,count,Pre-A1,assets/K1/count.jpeg,🔢
july,K1,,share,Pre-A1,assets/K1/share.jpeg,🤝
july,K1,,letter d,Pre-A1,assets/K1/letter_d.jpeg,🅳
july,K1,,letter e,Pre-A1,assets/K1/letter_e.jpeg,🅴
july,K1,,dog,Pre-A1,assets/K1/dog.jpeg,🐶
july,K1,,elephant,Pre-A1,assets/K1/elephant.jpeg,🐘
july,K1,,cup,Pre-A1,assets/K1/cup.jpeg,☕
july,K1,,old,Pre-A1,assets/K1/old.jpeg,👴
july,K1,,new,Pre-A1,assets/K1/new.jpeg,✨
july,K1,,letter f,Pre-A1,assets/K1/letter_f.jpeg,🅵
july,K1,,fish,Pre-A1,assets/K1/fish.jpeg,🐟
july,K1,,three,Pre-A1,assets/K1/three.jpeg,3️⃣
july,K1,,four,Pre-A1,assets/K1/four.jpeg,4️⃣
july,K1,,toys,Pre-A1,assets/K1/toys.jpeg,🧸
july,K1,,door,Pre-A1,assets/K1/door.jpeg,🚪
july,K1,,computer,Pre-A1,assets/K1/computer.jpeg,💻
july,K1,,bee,Pre-A1,assets/K1/bee.jpeg,🐝
july,K1,,box,Pre-A1,assets/K1/box.jpeg,📦
july,K1,,tall,Pre-A1,assets/K1/tall.jpeg,📏
july,K1,,short,Pre-A1,assets/K1/short.jpeg,📏
july,K1,,blocks,Pre-A1,assets/K1/blocks.jpeg,🧱
july,K1,,puzzle,Pre-A1,assets/K1/puzzle.jpeg,🧩
july,K1,,cap,Pre-A1,assets/K1/cap.jpeg,🧢
july,K1,,play,Pre-A1,assets/K1/play.jpeg,🎮
july,K1,,classroom,Pre-A1,assets/K1/classroom.jpeg,🏫
july,K1,,desk,Pre-A1,assets/K1/desk.jpeg,🪑
july,K1,,envelope,Pre-A1,assets/K1/envelope.jpeg,✉️
july,K1,,fan,Pre-A1,assets/K1/fan.jpeg,🪭
july,K1,,duck,Pre-A1,assets/K1/duck.jpeg,🦆
july,K1,,egg,Pre-A1,assets/K1/egg.jpeg,🥚
july,K1,,elbow,Pre-A1,assets/K1/elbow.jpeg,💪
july,K1,,fork,Pre-A1,assets/K1/fork.jpeg,🍴
july,K1,,farm,Pre-A1,assets/K1/farm.jpeg,🚜
july,K1,,gorilla,Pre-A1,assets/K1/gorilla.jpeg,🦍
july,K1,,goat,Pre-A1,assets/K1/goat.jpeg,🐐
july,K1,,gift,Pre-A1,assets/K1/gift.jpeg,🎁
july,K1,,socks,Pre-A1,,🧦
july,K1,,dizzy,Pre-A1,assets/K1/dizzy.jpeg,😵
july,K2,,climb,Pre-A1,assets/K2/climb.jpeg,🧗
july,K2,,catch,Pre-A1,assets/K2/catch.jpeg,🤾
july,K2,,build,Pre-A1,assets/K2/build.jpeg,🔨
july,K2,,walk,Pre-A1,assets/K2/walk.jpeg,🚶
july,K2,,run,Pre-A1,assets/K2/run.jpeg,🏃
july,K2,,kick,Pre-A1,assets/K2/kick.jpeg,🦵
july,K2,,blow bubble,Pre-A1,assets/K2/blow_bubble.jpeg,🫧
july,K2,,swing,Pre-A1,assets/K2/swing.jpeg,🛝
july,K2,,slide,Pre-A1,assets/K2/slide.jpeg,🛝
july,K2,,kite,Pre-A1,assets/K2/kite.jpeg,🪁
july,K2,,flower,Pre-A1,assets/K2/flower.jpeg,🌸
july,K2,,tree,Pre-A1,assets/K2/tree.jpeg,🌳
july,K2,,quickly,Pre-A1,assets/K2/quickly.jpeg,💨
july,K2,,slowly,Pre-A1,assets/K2/slowly.jpeg,🐢
july,K2,,under,Pre-A1,assets/K2/under.jpeg,⬇️
july,K2,,great job,Pre-A1,assets/K2/great_job.jpeg,👏
july,K2,,spin,Pre-A1,assets/K2/spin.jpeg,🌀
july,K2,,stop,Pre-A1,assets/K2/stop.jpeg,🛑
july,K2,,skip,Pre-A1,assets/K2/skip.jpeg,🤸
july,K2,,monkey bar,Pre-A1,assets/K2/monkey_bar.jpeg,🐒
july,K2,,rectangle,Pre-A1,assets/K2/rectangle.jpeg,▭
july,K2,,park,Pre-A1,assets/K2/park.jpeg,🏞️
july,K2,,sandbox,Pre-A1,assets/K2/sandbox.jpeg,🏖️
july,K2,,train,Pre-A1,assets/K2/train.jpeg,🚂
july,K2,,ball,Pre-A1,assets/K2/ball.jpeg,⚽
july,K2,,pink,Pre-A1,assets/K2/pink.jpeg,🩷
july,K2,,picture,Pre-A1,assets/K2/picture.jpeg,🖼️
july,K2,,see,Pre-A1,assets/K2/see.jpeg,👀
july,K2,,play,Pre-A1,assets/K2/play.jpeg,🎮
july,K2,,fence,Pre-A1,assets/K2/fence.jpeg,🚧
july,K2,,puddle,Pre-A1,assets/K2/puddle.jpeg,💧
july,K2,,first,Pre-A1,assets/K2/first.jpeg,1️⃣
july,K2,,line up,Pre-A1,assets/K2/line_up.jpeg,🚶
july,K2,,wait,Pre-A1,assets/K2/wait.jpeg,⏳
july,K2,,music,Pre-A1,assets/K2/music.jpg,🎵
july,K2,,boy,Pre-A1,assets/K2/boy.jpeg,👦
july,K2,,girl,Pre-A1,assets/K2/girl.jpeg,👧
july,K2,,seesaw,Pre-A1,assets/K2/seesaw.jpeg,🛝
july,K2,,playground,Pre-A1,assets/K2/playground.jpeg,🛝
july,K2,,listen,Pre-A1,assets/K2/listen.jpeg,👂
july,K2,,one,Pre-A1,assets/K2/one.jpeg,1️⃣
july,K2,,two,Pre-A1,assets/K2/two.jpeg,2️⃣
july,K2,,three,Pre-A1,assets/K2/three.jpeg,3️⃣
july,K2,,four,Pre-A1,assets/K2/four.jpeg,4️⃣
july,K2,,five,Pre-A1,assets/K2/five.jpeg,5️⃣
july,K2,,six,Pre-A1,assets/K2/six.jpeg,6️⃣
july,K2,,seven,Pre-A1,assets/K2/seven.jpeg,7️⃣
july,K2,,eight,Pre-A1,assets/K2/eight.jpeg,8️⃣
july,K2,,nine,Pre-A1,assets/K2/nine.jpeg,9️⃣
july,K2,,ten,Pre-A1,assets/K2/ten.jpeg,🔟
july,K3,,in,A1,assets/K3/in.jpeg,📥
july,K3,,on,A1,assets/K3/on.jpeg,🔛
july,K3,,under,A1,assets/K3/under.jpeg,⬇️
july,K3,,between,A1,assets/K3/between.jpeg,↔️
july,K3,,plate,A1,,🍽️
july,K3,,sweater,A1,assets/K3/sweater.jpeg,🧶
july,K3,,scarf,A1,assets/K3/scarf.jpeg,🧣
july,K3,,pants,A1,assets/K3/pants.jpeg,👖
july,K3,,butterfly,A1,assets/K3/butterfly.jpeg,🦋
july,K3,,circle,A1,assets/K3/circle.jpeg,⭕
july,K3,,square,A1,assets/K3/square.jpeg,🟦
july,K3,,triangle,A1,assets/K3/triangle.jpeg,🔺
july,K3,,heart,A1,assets/K3/heart.jpeg,❤️
july,K3,,oval,A1,assets/K3/oval.jpeg,🥚
july,K3,,light,A1,assets/K3/light.jpeg,💡
july,K3,,window,A1,assets/K3/window.jpeg,🪟
july,K3,,sink,A1,assets/K3/sink.jpeg,🚰
july,K3,,floor,A1,assets/K3/floor.jpeg,🟫
july,K3,,ceiling,A1,assets/K3/ceiling.jpeg,⬜
july,K3,,table,A1,assets/K3/table.jpeg,🪑
july,K3,,chair,A1,assets/K3/chair.jpeg,🪑
july,K3,,point,A1,assets/K3/point.jpeg,👉
july,K3,,door,A1,assets/K3/door.jpeg,🚪
july,K3,,open,A1,assets/K3/open.jpeg,🚪
july,K3,,book,A1,assets/K3/book.jpeg,📖
july,K3,,knock,A1,assets/K3/knock.jpeg,✊
july,K3,,turn on,A1,assets/K3/turn_on.jpeg,💡
july,K3,,music,A1,assets/K3/music.jpeg,🎵
july,K3,,stairs,A1,assets/K3/stairs.jpeg,🪜
july,K3,,walk up,A1,assets/K3/walk_up.jpeg,🪜
july,K3,,catch,A1,assets/K3/catch.jpeg,🤾
july,K3,,stretch,A1,assets/K3/stretch.jpeg,🧘
july,K3,,kitchen,A1,assets/K3/kitchen.jpeg,🍳
july,K3,,stamp,A1,assets/K3/stamp.jpeg,📮
july,K3,,cross,A1,assets/K3/cross.jpeg,❌
july,K3,,clap,A1,assets/K3/clap.jpeg,👏
july,K3,,school,A1,assets/K3/school.jpeg,🏫
july,K3,,house,A1,assets/K3/house.jpeg,🏠
july,K3,,bowl,A1,,
july,K3,,classroom,A1,assets/K3/classroom.jpeg,🏫
july,K3,,bathroom,A1,assets/K3/bathroom.jpeg,🛁
july,K3,,living room,A1,assets/K3/living_room.jpeg,🛋️
july,K3,,yard,A1,assets/K3/yard.jpeg,🌳
july,K3,,art room,A1,assets/K3/art_room.jpeg,🎨
july,K3,,computer room,A1,assets/K3/computer_room.jpeg,💻
july,K3,,schoolyard,A1,assets/K3/schoolyard.jpeg,🏫
july,K3,,sofa,A1,assets/K3/sofa.jpeg,🛋️
july,K3,,drum,A1,assets/K3/drum.jpeg,🥁
july,K3,,bed,A1,assets/K3/bed.jpeg,🛏️
july,K3,,pillow,A1,assets/K3/pillow.jpeg,🛌
july,P1,Go Get Maths,add,A1,assets/P1/add.jpeg,➕
july,P1,Science,zebra,A1,assets/P1/zebra.jpeg,🦓
july,P1,English,smile,A1,assets/P1/smile.jpeg,😊
july,P1,Go Get Maths,addition,A1,assets/P1/addition.jpeg,➕
july,P1,Science,penguin,A1,assets/P1/penguin.jpeg,🐧
july,P1,English,snake,A1,assets/P1/snake.jpeg,🐍
july,P1,Go Get Maths,altogether,A1,assets/P1/altogether.jpeg,
july,P1,Science,giraffe,A1,assets/P1/giraffe.jpeg,🦒
july,P1,English,smoke,A1,assets/P1/smoke.jpeg,💨
july,P1,Go Get Maths|English,apple,A1,assets/P1/apple.jpeg,🍎
july,P1,Science,crocodile,A1,assets/P1/crocodile.jpeg,🐊
july,P1,English,snow,A1,assets/P1/snow.jpeg,❄️
july,P1,Go Get Maths,arrange,A1,assets/P1/arrange.jpeg,🗂️
july,P1,Science,eagle,A1,assets/P1/eagle.jpeg,🦅
july,P1,English,blue,A1,assets/P1/blue.jpeg,🔵
july,P1,Go Get Maths,balloon,A1,assets/P1/balloon.jpeg,🎈
july,P1,Science,bear,A1,assets/P1/bear.jpg,🐻
july,P1,English,pink,A1,assets/P1/pink.jpeg,🩷
july,P1,Go Get Maths,beetle,A1,assets/P1/beetle.jpeg,🪲
july,P1,Science,fox,A1,assets/P1/fox.jpeg,🦊
july,P1,English,grid,A1,assets/P1/grid.jpeg,🔲
july,P1,Go Get Maths,book,A1,assets/P1/book.jpeg,📖
july,P1,Science,seal,A1,assets/P1/seal.jpeg,🦭
july,P1,English,notebook,A1,assets/P1/notebook.jpeg,📓
july,P1,Go Get Maths,butterfly,A1,,🦋
july,P1,Science,flamingo,A1,assets/P1/flamingo.jpeg,🦩
july,P1,English|Go Get Maths,tree,A1,,🌳
july,P1,Go Get Maths,button,A1,assets/P1/button.jpeg,🔘
july,P1,Science,camel,A1,assets/P1/camel.jpg,🐫
july,P1,English|Science,baby,A1,assets/P1/baby.jpeg,👶
july,P1,Go Get Maths,cake,A1,assets/P1/cake.jpeg,🍰
july,P1,Science,cold weather,A1,assets/P1/cold_weather.jpeg,🥶
july,P1,English,home,A1,assets/P1/home.jpeg,🏠
july,P1,Go Get Maths,change,A1,assets/P1/change.jpeg,🔄
july,P1,Science,hot weather,A1,assets/P1/hot_weather.jpeg,🥵
july,P1,English,girl,A1,assets/P1/girl.jpeg,👧
july,P1,Go Get Maths,chicken,A1,assets/P1/chicken.jpeg,🐔
july,P1,Science,wet,A1,assets/P1/wet.jpeg,💧
july,P1,English,boy,A1,assets/P1/boy.jpeg,👦
july,P1,Go Get Maths,cracked,A1,assets/P1/cracked.jpeg,🪨
july,P1,Science,dry,A1,assets/P1/dry.jpeg,🏜️
july,P1,English,passport,A1,assets/P1/passport.jpeg,🛂
july,P1,Go Get Maths,create,A1,assets/P1/create.jpeg,
july,P1,Science,branch,A1,assets/P1/branch.jpeg,🌿
july,P1,English,crane,A1,assets/P1/crane.jpeg,🏗️
july,P1,Go Get Maths,cross out,A1,assets/P1/cross_out.jpeg,❌
july,P1,Science,field,A1,assets/P1/field.jpeg,🌾
july,P1,English,flute,A1,assets/P1/flute.jpeg,🪈
july,P1,Go Get Maths,cupcake,A1,assets/P1/cupcake.jpeg,🧁
july,P1,Science,beach,A1,assets/P1/beach.jpeg,🏖️
july,P1,Go Get Maths,difference,A1,assets/P1/difference.jpeg,
july,P1,Science,river,A1,assets/P1/river.jpeg,🏞️
july,P1,English,puppet,A1,assets/P1/puppet.jpeg,🎭
july,P1,Go Get Maths,doll,A1,,🪆
july,P1,Science,cave,A1,assets/P1/cave.jpeg,🕳️
july,P1,English,brick,A1,assets/P1/brick.jpeg,🧱
july,P1,Go Get Maths|Science,egg,A1,assets/P1/egg.jpeg,🥚
july,P1,Science,jungle,A1,assets/P1/jungle.jpeg,🌴
july,P1,English,clean,A1,assets/P1/clean.jpeg,✨
july,P1,Go Get Maths,equation,A1,assets/P1/equation.jpeg,
july,P1,Science,bone,A1,assets/P1/bone.jpeg,🦴
july,P1,English,rag,A1,assets/P1/rag.jpeg,🧻
july,P1,Go Get Maths,fact family,A1,assets/P1/fact_family.jpeg,
july,P1,Science,claw,A1,assets/P1/claw.jpeg,🐾
july,P1,English,truck,A1,assets/P1/truck.jpeg,🚚
july,P1,Go Get Maths,flower,A1,assets/P1/flower.jpeg,🌸
july,P1,Science,fin,A1,assets/P1/fin.jpeg,🐟
july,P1,English,park,A1,assets/P1/park.jpeg,🏞️
july,P1,Go Get Maths,fly away,A1,assets/P1/fly_away.jpeg,
july,P1,Science,antenna,A1,assets/P1/antenna.jpeg,📡
july,P1,English,hop,A1,assets/P1/hop.jpeg,🦘
july,P1,Go Get Maths,give,A1,assets/P1/give.jpeg,🎁
july,P1,Science,fang,A1,assets/P1/fang.jpeg,🦷
july,P1,English,drive,A1,assets/P1/drive.jpeg,🚗
july,P1,Go Get Maths,ground,A1,assets/P1/ground.jpeg,🟫
july,P1,Science,skin,A1,assets/P1/skin.jpeg,🧴
july,P1,English,surprised,A1,,
july,P1,Go Get Maths,hamburger,A1,assets/P1/hamburger.jpeg,🍔
july,P1,Science,trunk,A1,assets/P1/trunk.jpeg,🌳
july,P1,English,ruler,A1,assets/P1/ruler.jpeg,📏
july,P1,Go Get Maths,hat,A1,assets/P1/hat.jpeg,🎩
july,P1,Science,spine,A1,assets/P1/spine.jpeg,🦴
july,P1,English,scissors,A1,assets/P1/scissors.jpeg,✂️
july,P1,Go Get Maths,horizontal,A1,assets/P1/horizontal.jpeg,
july,P1,Science,horn,A1,assets/P1/horn.jpeg,🐂
july,P1,English,eraser,A1,assets/P1/eraser.jpeg,🧽
july,P1,Go Get Maths,left,A1,assets/P1/left.jpeg,
july,P1,Science,gill,A1,assets/P1/gill.jpeg,🐟
july,P1,English,stand up,A1,assets/P1/stand_up.jpeg,🧍
july,P1,Go Get Maths,loaf,A1,assets/P1/loaf.jpeg,🍞
july,P1,Science,eat,A1,assets/P1/eat.jpeg,🍽️
july,P1,English,sit down,A1,assets/P1/sit_down.jpeg,🪑
july,P1,Go Get Maths,minus,A1,assets/P1/minus.jpeg,➖
july,P1,Science,drink,A1,assets/P1/drink.jpeg,🥤
july,P1,English,window,A1,assets/P1/window.jpeg,🪟
july,P1,Go Get Maths,orange,A1,assets/P1/orange.jpeg,🟠
july,P1,Science,sleep,A1,assets/P1/sleep.jpeg,😴
july,P1,English,horizontal line,A1,assets/P1/horizontal_line.jpeg,➖
july,P1,Go Get Maths,paint,A1,assets/P1/paint.jpeg,🎨
july,P1,Science,escape,A1,assets/P1/escape.jpeg,🏃
july,P1,English,mess,A1,assets/P1/mess.jpeg,🌀
july,P1,Go Get Maths,peel,A1,assets/P1/peel.jpeg,🍌
july,P1,Science,shelter,A1,assets/P1/shelter.jpeg,🏠
july,P1,English,lower case,A1,assets/P1/lower_case.jpeg,
july,P1,Go Get Maths,picture,A1,assets/P1/picture.jpeg,🖼️
july,P1,Science,hide,A1,assets/P1/hide.jpeg,🙈
july,P1,English,upper case,A1,assets/P1/upper_case.jpeg,
july,P1,Go Get Maths,plane,A1,assets/P1/plane.jpeg,✈️
july,P1,Science,hatch,A1,assets/P1/hatch.jpeg,🐣
july,P1,English,vertical line,A1,assets/P1/vertical_line.jpeg,❕
july,P1,Go Get Maths,plus,A1,assets/P1/plus.jpeg,➕
july,P1,English,diagonal line,A1,assets/P1/diagonal_line.jpeg,↗️
july,P1,Go Get Maths,pot,A1,assets/P1/pot.jpeg,🍲
july,P1,English,draw,A1,assets/P1/draw.jpeg,✏️
july,P1,Go Get Maths,present,A1,assets/P1/present.jpeg,🎁
july,P1,Science,parents,A1,assets/P1/parents.jpeg,👨‍👩‍👧
july,P1,English,lemon,A1,assets/P1/lemon.jpeg,🍋
july,P1,Go Get Maths,rose,A1,assets/P1/rose.jpeg,🌹
july,P1,Science,experiment,A1,assets/P1/experiment.jpg,🧪
july,P1,English,ball,A1,assets/P1/ball.jpeg,⚽
july,P1,Go Get Maths,sit,A1,assets/P1/sit.jpeg,🪑
july,P1,Science,list,A1,assets/P1/list.jpeg,📋
july,P1,English,purple,A1,assets/P1/purple.jpeg,🟣
july,P1,Go Get Maths,spider,A1,assets/P1/spider.jpeg,🕷️
july,P1,Science,group,A1,assets/P1/group.jpeg,
july,P1,English,dog,A1,assets/P1/dog.jpeg,🐶
july,P1,Go Get Maths,stand,A1,assets/P1/stand.jpeg,🧍
july,P1,Science,find,A1,assets/P1/find.jpeg,🔍
july,P1,English,elephant,A1,assets/P1/elephant.jpeg,🐘
july,P1,Go Get Maths,subtraction,A1,assets/P1/subtraction.jpeg,➖
july,P1,Science,learn,A1,assets/P1/learn.jpeg,📚
july,P1,English,fish,A1,assets/P1/fish.jpeg,🐟
july,P1,Go Get Maths,sum,A1,assets/P1/sum.jpeg,🧮
july,P1,Science,guess,A1,assets/P1/guess.jpeg,🤔
july,P1,English,guitar,A1,assets/P1/guitar.jpeg,🎸
july,P1,Go Get Maths,sunflower,A1,assets/P1/sunflower.jpeg,🌻
july,P1,Science,think,A1,assets/P1/think.jpeg,🤔
july,P1,English,hair,A1,assets/P1/hair.jpeg,💇
july,P1,Go Get Maths,take away,A1,assets/P1/take_away.jpeg,➖
july,P1,Science,world,A1,assets/P1/world.jpg,🌍
july,P1,English,iguana,A1,assets/P1/iguana.jpeg,🦎
july,P1,Science,nature,A1,assets/P1/nature.jpeg,🌿
july,P1,English,jump,A1,assets/P1/jump.jpeg,🦘
july,P1,Go Get Maths,vertical,A1,assets/P1/vertical.jpeg,
july,P1,Science,name,A1,assets/P1/name.jpeg,🏷️
july,P1,English,kite,A1,assets/P1/kite.jpeg,🪁
july,P2,,firefighter,A2,assets/P2/firefighter.jpeg,👨‍🚒
july,P2,,police officer,A2,assets/P2/police_officer.jpeg,👮
july,P2,,doctor,A2,assets/P2/doctor.jpeg,👨‍⚕️
july,P2,,lifeguard,A2,assets/P2/lifeguard.jpeg,🛟
july,P2,,superhero,A2,assets/P2/superhero.jpeg,🦸
july,P2,,stretchy,A2,assets/P2/stretchy.jpeg,
july,P2,,hose,A2,assets/P2/hose.jpeg,🚿
july,P2,,speedy,A2,assets/P2/speedy.jpeg,💨
july,P2,,fly,A2,assets/P2/fly.jpeg,🕊️
july,P2,,strong,A2,assets/P2/strong.jpeg,💪
july,P2,,between,A2,assets/P2/between.jpeg,↔️
july,P2,,behind,A2,assets/P2/behind.jpeg,
july,P2,,in front of,A2,assets/P2/in_front_of.jpeg,
july,P2,,in,A2,assets/P2/in.jpeg,📥
july,P2,,sky,A2,assets/P2/sky.jpeg,🌤️
july,P2,,five,A2,assets/P2/five.jpeg,5️⃣
july,P2,,tie,A2,assets/P2/tie.jpeg,👔
july,P2,,high,A2,assets/P2/high.jpeg,
july,P2,,home,A2,assets/P2/home.jpeg,🏠
july,P2,,toe,A2,assets/P2/toe.jpeg,🦶
july,P2,,mask,A2,assets/P2/mask.jpeg,🎭
july,P2,,coat,A2,assets/P2/coat.jpeg,🧥
july,P2,,row,A2,assets/P2/row.jpeg,🚣
july,P2,,light,A2,assets/P2/light.jpeg,💡
july,P2,,boat,A2,assets/P2/boat.jpeg,⛵
july,P2,,pie,A2,assets/P2/pie.jpg,🥧
july,P2,,phone,A2,assets/P2/phone.jpeg,📱
july,P2,,window,A2,assets/P2/window.jpeg,🪟
july,P2,,nine,A2,assets/P2/nine.jpeg,9️⃣
july,P2,,tomatoes,A2,,
july,P2,,cube,A2,assets/P2/cube.jpeg,🧊
july,P2,,room,A2,assets/P2/room.jpeg,🚪
july,P2,,glue,A2,assets/P2/glue.jpeg,🩹
july,P2,,rule,A2,assets/P2/rule.jpeg,📏
july,P2,,centipede,A2,assets/P2/centipede.jpeg,🐛
july,P2,,spider,A2,assets/P2/spider.jpeg,🕷️
july,P2,,beetle,A2,assets/P2/beetle.jpeg,🪲
july,P2,,bee,A2,assets/P2/bee.jpeg,🐝
july,P2,,butterfly,A2,assets/P2/butterfly.jpeg,🦋
july,P2,,ladybird,A2,assets/P2/ladybird.jpeg,🐞
july,P2,,ten,A2,assets/P2/ten.jpeg,🔟
july,P2,,giant,A2,assets/P2/giant.jpeg,🗿
july,P2,,thirty,A2,assets/P2/thirty.jpeg,3️⃣0️⃣
july,P2,,forty,A2,assets/P2/forty.jpeg,4️⃣0️⃣
july,P2,,fifty,A2,assets/P2/fifty.jpeg,5️⃣0️⃣
july,P2,,sixty,A2,assets/P2/sixty.jpeg,6️⃣0️⃣
july,P2,,seventy,A2,assets/P2/seventy.jpeg,7️⃣0️⃣
july,P2,,eighty,A2,assets/P2/eighty.jpeg,8️⃣0️⃣
july,P2,,ninety,A2,assets/P2/ninety.jpeg,9️⃣0️⃣
july,P2,,hundred,A2,assets/P2/hundred.jpeg,💯
july,P3,,city,A2,assets/P3/city.jpeg,🏙️
july,P3,,rainforest,A2,assets/P3/rainforest.jpeg,🌴
july,P3,,skate,A2,assets/P3/skate.jpeg,⛸️
july,P3,,aquarium,A2,assets/P3/aquarium.jpeg,🐠
july,P3,,building,A2,assets/P3/building.jpeg,🏢
july,P3,,sports field,A2,,🏟️
july,P3,,mall,A2,assets/P3/mall.jpeg,🏬
july,P3,,library,A2,assets/P3/library.jpeg,📚
july,P3,,museum,A2,assets/P3/museum.jpeg,🏛️
july,P3,,bridge,A2,assets/P3/bridge.jpeg,🌉
july,P3,,hike,A2,assets/P3/hike.jpeg,🥾
july,P3,,camp,A2,assets/P3/camp.jpeg,🏕️
july,P3,,fountain,A2,assets/P3/fountain.jpeg,⛲
july,P3,,water park,A2,assets/P3/water_park.jpeg,🏊
july,P3,,garden,A2,assets/P3/garden.jpeg,🌷
july,P3,,map,A2,,🗺️
july,P3,,beach,A2,assets/P3/beach.jpeg,🏖️
july,P3,,ball,A2,assets/P3/ball.jpeg,⚽
july,P3,,arcade,A2,assets/P3/arcade.jpeg,🕹️
july,P3,,gymnasium,A2,assets/P3/gymnasium.jpeg,🏋️
july,P3,,road,A2,assets/P3/road.jpeg,🛣️
july,P3,,traffic light,A2,assets/P3/traffic_light.jpeg,🚦
july,P3,,foot ball,A2,,⚽
july,P3,,theatre,A2,assets/P3/theatre.jpeg,🎭
july,P3,,theme park,A2,assets/P3/theme_park.jpeg,🎢
july,P3,,swimming pool,A2,assets/P3/swimming_pool.jpeg,🏊
july,P3,,island,A2,assets/P3/island.jpeg,🏝️
july,P3,,palm,A2,assets/P3/palm.jpeg,🤚
july,P3,,sword,A2,assets/P3/sword.jpeg,⚔️
july,P3,,whale,A2,assets/P3/whale.jpeg,🐋
july,P3,,desert,A2,assets/P3/desert.jpeg,🏜️
july,P3,,tennis,A2,assets/P3/tennis.jpeg,🎾
july,P3,,ticket office,A2,assets/P3/ticket_office.jpeg,🎫
july,P3,,robot,A2,assets/P3/robot.jpeg,🤖
july,P3,,skateboard park,A2,assets/P3/skateboard_park.jpeg,🛹
july,P3,,climbing centre,A2,assets/P3/climbing_centre.jpeg,🧗
july,P3,,skating rink,A2,assets/P3/skating_rink.jpeg,⛸️
july,P3,,climbing wall,A2,assets/P3/climbing_wall.jpeg,🧗
july,P3,,aquarium tunnel,A2,assets/P3/aquarium_tunnel.jpeg,🐠
july,P3,,rooftop,A2,assets/P3/rooftop.jpeg,🏙️
july,P3,,waterfall,A2,assets/P3/waterfall.jpeg,🏞️
july,P3,,abra,A2,assets/P3/abra.jpeg,
july,P3,,souk,A2,assets/P3/souk.jpeg,🏪
july,P3,,water slide,A2,assets/P3/water_slide.jpeg,🛝
july,P3,,bored,A2,assets/P3/bored.jpeg,😑
july,P3,,duck pond,A2,assets/P3/duck_pond.jpeg,🦆
july,P3,,nest,A2,assets/P3/nest.jpeg,🪹
july,P3,,cage,A2,assets/P3/cage.jpeg,🪤
july,P3,,seaweed,A2,assets/P3/seaweed.jpeg,🌿
july,P3,,creek,A2,assets/P3/creek.jpeg,🏞️
july,P4,,main course,A2,assets/P4/main_course.jpeg,🍛
july,P4,,dessert,A2,assets/P4/dessert.jpeg,🍰
july,P4,,tablespoon,A2,assets/P4/tablespoon.jpeg,🥄
july,P4,,peel,A2,assets/P4/peel.jpeg,🍌
july,P4,,cook,A2,assets/P4/cook.jpeg,👨‍🍳
july,P4,,spice,A2,assets/P4/spice.jpeg,🌶️
july,P4,,recipe,A2,assets/P4/recipe.jpeg,📖
july,P4,,pinch,A2,assets/P4/pinch.jpeg,🤏
july,P4,,whisk,A2,assets/P4/whisk.jpeg,🥄
july,P4,,spatula,A2,assets/P4/spatula.jpeg,🍳
july,P4,,pour,A2,assets/P4/pour.JPG,🫗
july,P4,,mix,A2,assets/P4/mix.jpeg,🥄
july,P4,,underneath,A2,assets/P4/underneath.jpeg,
july,P4,,squirt,A2,assets/P4/squirt.jpeg,💦
july,P4,,crush,A2,assets/P4/crush.jpeg,🪨
july,P4,,topping,A2,assets/P4/topping.jpeg,🍒
july,P4,,filling,A2,assets/P4/filling.jpeg,🥧
july,P4,,starter,A2,assets/P4/starter.jpeg,🥗
july,P4,,street food,A2,assets/P4/street_food.jpeg,🍢
july,P4,,menu,A2,assets/P4/menu.jpeg,📋
july,P4,,vegetarian,A2,assets/P4/vegetarian.jpeg,🥗
july,P4,,sweet treat,A2,assets/P4/sweet_treat.jpeg,🍭
july,P4,,dip,A2,assets/P4/dip.jpeg,🥣
july,P4,,bang,A2,assets/P4/bang.jpeg,💥
july,P4,,banquet,A2,assets/P4/banquet.jpeg,🍽️
july,P4,,couch,A2,assets/P4/couch.jpeg,🛋️
july,P4,,guest,A2,assets/P4/guest.jpeg,🙋
july,P4,,cushion,A2,assets/P4/cushion.jpeg,🛋️
july,P4,,roast,A2,assets/P4/roast.jpeg,🍖
july,P4,,platter,A2,assets/P4/platter.jpeg,🍱
july,P4,,salve,A2,assets/P4/salve.jpeg,🧴
july,P4,,dish,A2,assets/P4/dish.jpeg,🍽️
july,P4,,fig,A2,assets/P4/fig.jpeg,🍈
july,P4,,picnic,A2,assets/P4/picnic.jpeg,🧺
july,P4,,salad,A2,assets/P4/salad.jpeg,🥗
july,P4,,poppyseed,A2,assets/P4/poppyseed.jpeg,🌰
july,P4,,leeks,A2,,
july,P4,,coriander,A2,assets/P4/coriander.jpeg,🌿
july,P4,,pudding,A2,assets/P4/pudding.jpeg,🍮
july,P4,,introduction,A2,assets/P4/introduction.jpeg,
july,P4,,tidy,A2,assets/P4/tidy.jpeg,🧹
july,P4,,ingredient,A2,assets/P4/ingredient.jpeg,🥣
july,P4,,feast,A2,assets/P4/feast.jpeg,🍗
july,P4,,invitation,A2,assets/P4/invitation.jpeg,💌
july,P4,,savoury,A2,assets/P4/savoury.jpeg,🍲
july,P4,,pile,A2,assets/P4/pile.jpeg,📚
july,P4,,scoop,A2,assets/P4/scoop.jpeg,🍨
july,P4,,sore,A2,assets/P4/sore.jpeg,🤕
july,P4,,food festival,A2,assets/P4/food_festival.jpeg,🎪
july,P4,,golden brown,A2,assets/P4/golden_brown.jpeg,🥐
july,P5,,carbohydrates,B1,,
july,P5,,dairy,B1,assets/P5/dairy.jpeg,🥛
july,P5,,protein,B1,assets/P5/protein.jpeg,🍗
july,P5,,fats,B1,,
july,P5,,vegetables,B1,,
july,P5,,healthy,B1,assets/P5/healthy.jpeg,🥗
july,P5,,enjoy,B1,assets/P5/enjoy.jpeg,😄
july,P5,,carry,B1,assets/P5/carry.jpeg,🧳
july,P5,,make,B1,assets/P5/make.jpeg,🔨
july,P5,,stairs,B1,,🪜
july,P5,,instruction,B1,assets/P5/instruction.jpeg,📋
july,P5,,command,B1,assets/P5/command.jpeg,🗣️
july,P5,,cycle,B1,assets/P5/cycle.jpeg,🔁
july,P5,,bounce,B1,assets/P5/bounce.jpeg,⛹️
july,P5,,skateboard,B1,assets/P5/skateboard.jpeg,🛹
july,P5,,hike,B1,assets/P5/hike.jpeg,🥾
july,P5,,roll,B1,assets/P5/roll.jpeg,🎲
july,P5,,cover,B1,assets/P5/cover.jpeg,📕
july,P5,,lean,B1,assets/P5/lean.jpeg,🚶
july,P5,,heartbeat,B1,assets/P5/heartbeat.jpeg,💓
july,P5,,pronunciation,B1,assets/P5/pronunciation.jpeg,
july,P5,,plantains,B1,,
july,P5,,jive,B1,assets/P5/jive.jpeg,💃
july,P5,,tofu,B1,assets/P5/tofu.jpeg,🧊
july,P5,,disco,B1,assets/P5/disco.jpeg,🪩
july,P5,,more,B1,assets/P5/more.jpeg,
july,P5,,less,B1,assets/P5/less.jpeg,
july,P5,,fewer,B1,assets/P5/fewer.jpeg,
july,P5,,swap,B1,assets/P5/swap.jpeg,🔄
july,P5,,slip,B1,assets/P5/slip.jpeg,🤸
july,P5,,some,B1,assets/P5/some.jpeg,
july,P5,,locomotion,B1,assets/P5/locomotion.jpeg,
july,P5,,year,B1,assets/P5/year.jpeg,📅
july,P5,,world,B1,assets/P5/world.jpeg,🌍
july,P5,,remind,B1,,⏰
july,P5,,organization,B1,assets/P5/organization.jpeg,🏢
july,P5,,theme,B1,assets/P5/theme.jpeg,🎨
july,P5,,care,B1,assets/P5/care.jpeg,💗
july,P5,,celebrate,B1,assets/P5/celebrate.jpeg,🎉
july,P5,,cartwheels,B1,,
july,P5,,different,B1,assets/P5/different.jpeg,
july,P5,,promise,B1,assets/P5/promise.jpeg,🤝
july,P5,,match,B1,assets/P5/match.jpeg,🔗
july,P5,,concern,B1,assets/P5/concern.jpeg,
july,P5,,invest,B1,assets/P5/invest.jpeg,💰
july,P5,,event,B1,assets/P5/event.jpeg,📅
july,P5,,pretend,B1,assets/P5/pretend.jpeg,🎭
july,P5,,improve,B1,assets/P5/improve.jpeg,📈
july,P5,,logo,B1,assets/P5/logo.jpeg,🏷️
july,P5,,partner,B1,assets/P5/partner.jpeg,🤝
july,P6,,education,B1,assets/P6/education.jpeg,🎓
july,P6,,city,B1,assets/P6/city.jpeg,🏙️
july,P6,,different,B1,assets/P6/different.jpeg,
july,P6,,anywhere,B1,assets/P6/anywhere.jpeg,
july,P6,,country,B1,assets/P6/country.jpeg,🗺️
july,P6,,interesting,B1,assets/P6/interesting.jpeg,
july,P6,,project,B1,assets/P6/project.jpeg,📊
july,P6,,power,B1,assets/P6/power.jpeg,⚡
july,P6,,blade,B1,assets/P6/blade.jpeg,
july,P6,,turbine,B1,assets/P6/turbine.jpeg,🌬️
july,P6,,machine,B1,assets/P6/machine.jpeg,⚙️
july,P6,,spin,B1,assets/P6/spin.jpeg,🌀
july,P6,,generator,B1,assets/P6/generator.jpeg,⚙️
july,P6,,electricity,B1,assets/P6/electricity.jpeg,⚡
july,P6,,unusual,B1,assets/P6/unusual.jpeg,
july,P6,,famous,B1,assets/P6/famous.jpeg,
july,P6,,remote,B1,assets/P6/remote.jpeg,📱
july,P6,,poster,B1,assets/P6/poster.jpeg,📜
july,P6,,talent,B1,assets/P6/talent.jpeg,🌟
july,P6,,star,B1,assets/P6/star.jpeg,⭐
july,P6,,drama,B1,assets/P6/drama.jpeg,🎭
july,P6,,academy,B1,assets/P6/academy.jpeg,🏫
july,P6,,champion,B1,assets/P6/champion.jpeg,🏆
july,P6,,favourite,B1,assets/P6/favourite.jpeg,
july,P6,,subject,B1,assets/P6/subject.jpeg,
july,P6,,curriculum,B1,assets/P6/curriculum.jpeg,
july,P6,,principal,B1,assets/P6/principal.jpeg,🧑‍🏫
july,P6,,international,B1,assets/P6/international.jpeg,
july,P6,,injury,B1,assets/P6/injury.jpeg,🤕
july,P6,,standard,B1,assets/P6/standard.jpeg,
july,P6,,vocational,B1,assets/P6/vocational.jpeg,
july,P6,,success,B1,assets/P6/success.jpeg,🏆
july,P6,,outstanding,B1,assets/P6/outstanding.jpeg,
july,P6,,opportunity,B1,assets/P6/opportunity.jpeg,🚪
july,P6,,academic,B1,assets/P6/academic.jpeg,
july,P6,,recognize,B1,assets/P6/recognize.jpeg,👁️
july,P6,,campus,B1,assets/P6/campus.jpeg,🏫
july,P6,,zoology,B1,assets/P6/zoology.jpeg,🦁
july,P6,,care,B1,assets/P6/care.jpeg,💗
july,P6,,animation,B1,assets/P6/animation.jpeg,🎬
july,P6,,pamphlet,B1,assets/P6/pamphlet.jpeg,
july,P6,,reflection,B1,assets/P6/reflection.jpeg,🪞
july,P6,,automatic,B1,assets/P6/automatic.jpeg,
july,P6,,autograph,B1,assets/P6/autograph.jpeg,✍️
july,P6,,pattern,B1,,🔶
july,P6,,professor,B1,assets/P6/professor.jpeg,👨‍🏫
july,P6,,auditory,B1,assets/P6/auditory.jpeg,
july,P6,,visual,B1,assets/P6/visual.jpeg,
july,P6,,kinaesthetic,B1,assets/P6/kinaesthetic.jpeg,
july,P6,,evidence,B1,assets/P6/evidence.jpeg,🔍
august,K1,,eyes,Pre-A1,,
august,K1,,ears,Pre-A1,,
august,K1,,nose,Pre-A1,assets/K1/nose.jpeg,👃
august,K1,,mouth,Pre-A1,assets/K1/mouth.jpeg,👄
august,K1,,head,Pre-A1,assets/K1/head.jpeg,🧑
august,K1,,tummy,Pre-A1,assets/K1/tummy.jpeg,🫃
august,K1,,hand,Pre-A1,assets/K1/hand.jpeg,✋
august,K1,,arm,Pre-A1,assets/K1/arm.jpeg,💪
august,K1,,leg,Pre-A1,assets/K1/leg.jpeg,🦵
august,K1,,foot,Pre-A1,assets/K1/foot.jpeg,🦶
august,K1,,finger,Pre-A1,assets/K1/finger.jpeg,☝️
august,K1,,toes,Pre-A1,,
august,K1,,hair,Pre-A1,assets/K1/hair.jpeg,💇
august,K1,,face,Pre-A1,assets/K1/face.jpeg,😀
august,K1,,body,Pre-A1,assets/K1/body.jpeg,🧍
august,K1,,look,Pre-A1,assets/K1/look.jpeg,👀
august,K1,,listen,Pre-A1,assets/K1/listen.jpeg,👂
august,K1,,smell,Pre-A1,assets/K1/smell.jpeg,👃
august,K1,,smile,Pre-A1,assets/K1/smile.jpeg,😊
august,K1,,clap,Pre-A1,assets/K1/clap.jpeg,👏
august,K1,,shake,Pre-A1,assets/K1/shake.jpeg,🤝
august,K1,,flap,Pre-A1,assets/K1/flap.jpeg,🪽
august,K1,,jump,Pre-A1,assets/K1/jump.jpeg,🦘
august,K1,,run,Pre-A1,assets/K1/run.jpeg,🏃
august,K1,,walk,Pre-A1,assets/K1/walk.jpeg,🚶
august,K1,,five,Pre-A1,assets/K1/five.jpg,5️⃣
august,K1,,feather,Pre-A1,assets/K1/feather.jpg,🪶
august,K1,,stone,Pre-A1,assets/K1/stone.jpg,🪨
august,K1,,insect,Pre-A1,assets/K1/insect.jpg,🐛
august,K1,,soap,Pre-A1,assets/K1/soap.jpg,🧼
august,K1,,tree,Pre-A1,assets/K1/tree.jpg,🌳
august,K1,,grass,Pre-A1,assets/K1/grass.jpg,🌿
august,K1,,soft,Pre-A1,assets/K1/soft.jpg,🧸
august,K1,,hard,Pre-A1,assets/K1/hard.jpg,🪨
august,K1,,clean,Pre-A1,assets/K1/clean.jpg,✨
august,K1,,dirty,Pre-A1,assets/K1/dirty.jpg,🧹
august,K1,,wash,Pre-A1,assets/K1/wash.jpg,🧼
august,K1,,scarecrow,Pre-A1,assets/K1/scarecrow.jpg,🎃
august,K1,,moon,Pre-A1,assets/K1/moon.jpg,🌙
august,K1,,cloud,Pre-A1,assets/K1/cloud.jpg,☁️
august,K1,,letter h,Pre-A1,assets/K1/letter_h.jpg,🅷
august,K1,,letter i,Pre-A1,assets/K1/letter_i.jpg,🅸
august,K1,,basket,Pre-A1,assets/K1/basket.jpg,🧺
august,K1,,towel,Pre-A1,assets/K1/towel.jpg,🧻
august,K1,,lamp,Pre-A1,assets/K1/lamp.jpg,💡
august,K1,,telephone,Pre-A1,assets/K1/telephone.jpg,☎️
august,K1,,jam,Pre-A1,assets/K1/jam.jpg,🍓
august,K1,,bread,Pre-A1,assets/K1/bread.jpg,🍞
august,K1,,radio,Pre-A1,assets/K1/radio.jpg,📻
august,K1,,pillow,Pre-A1,assets/K1/pillow.jpg,🛌
august,K2,,happy,Pre-A1,assets/K2/happy.jpeg,😊
august,K2,,sad,Pre-A1,assets/K2/sad.jpeg,😢
august,K2,,tired,Pre-A1,assets/K2/tired.jpeg,😴
august,K2,,lively,Pre-A1,assets/K2/lively.jpeg,🤸
august,K2,,hungry,Pre-A1,assets/K2/hungry.jpeg,😋
august,K2,,thirsty,Pre-A1,assets/K2/thirsty.jpeg,🥤
august,K2,,surprise,Pre-A1,assets/K2/surprise.jpeg,😲
august,K2,,egg,Pre-A1,assets/K2/egg.jpeg,🥚
august,K2,,dolphin,Pre-A1,assets/K2/dolphin.jpeg,🐬
august,K2,,penguin,Pre-A1,assets/K2/penguin.jpeg,🐧
august,K2,,tiger,Pre-A1,assets/K2/tiger.jpeg,🐯
august,K2,,family,Pre-A1,assets/K2/family.jpeg,👨‍👩‍👧‍👦
august,K2,,mom,Pre-A1,assets/K2/mom.jpeg,👩
august,K2,,dad,Pre-A1,assets/K2/dad.jpeg,👨
august,K2,,baby,Pre-A1,assets/K2/baby.jpeg,👶
august,K2,,grandpa,Pre-A1,assets/K2/grandpa.jpeg,👴
august,K2,,grandma,Pre-A1,assets/K2/grandma.jpeg,👵
august,K2,,cake,Pre-A1,assets/K2/cake.jpeg,🍰
august,K2,,birthday,Pre-A1,assets/K2/birthday.jpeg,🎂
august,K2,,balloon,Pre-A1,assets/K2/balloon.jpeg,🎈
august,K2,,gift,Pre-A1,assets/K2/gift.jpeg,🎁
august,K2,,truck,Pre-A1,assets/K2/truck.jpeg,🚚
august,K2,,frog,Pre-A1,assets/K2/frog.jpeg,🐸
august,K2,,drum,Pre-A1,assets/K2/drum.jpeg,🥁
august,K2,,bus,Pre-A1,assets/K2/bus.jpeg,🚌
august,K2,,glass,Pre-A1,assets/K2/glass.jpeg,🥛
august,K2,,food,Pre-A1,assets/K2/food.jpeg,🍽️
august,K2,,drink,Pre-A1,assets/K2/drink.jpeg,🥤
august,K2,,cookies,Pre-A1,,
august,K2,,candle,Pre-A1,assets/K2/candle.jpeg,🕯️
august,K2,,brother,Pre-A1,assets/K2/brother.jpeg,👦
august,K2,,sister,Pre-A1,assets/K2/sister.jpeg,👧
august,K2,,trampoline,Pre-A1,assets/K2/trampoline.jpeg,🤸
august,K2,,bed,Pre-A1,assets/K2/bed.jpeg,🛏️
august,K2,,pizza,Pre-A1,assets/K2/pizza.jpeg,🍕
august,K2,,window,Pre-A1,assets/K2/window.jpeg,🪟
august,K2,,water,Pre-A1,assets/K2/water.jpeg,💧
august,K2,,honey,Pre-A1,assets/K2/honey.jpeg,🍯
august,K2,,fox,Pre-A1,assets/K2/fox.jpeg,🦊
august,K2,,juice,Pre-A1,assets/K2/juice.jpeg,🧃
august,K2,,sandwich,Pre-A1,assets/K2/sandwich.jpeg,🥪
august,K2,,fruits,Pre-A1,,
august,K2,,point,Pre-A1,assets/K2/point.jpeg,👉
august,K2,,feeding bottle,Pre-A1,assets/K2/feeding_bottle.jpg,🍼
august,K2,,door,Pre-A1,assets/K2/door.jpeg,🚪
august,K2,,poster,Pre-A1,assets/K2/poster.jpeg,📜
august,K2,,classroom,Pre-A1,assets/K2/classroom.jpg,🏫
august,K2,,draw,Pre-A1,assets/K2/draw.jpeg,✏️
august,K2,,match,Pre-A1,assets/K2/match.jpg,🔗
august,K2,,trace,Pre-A1,assets/K2/trace.jpeg,✍️
august,K3,,birthday cake,A1,assets/K3/birthday_cake.jpeg,🎂
august,K3,,present,A1,assets/K3/present.jpeg,🎁
august,K3,,card,A1,assets/K3/card.jpeg,💌
august,K3,,mask,A1,assets/K3/mask.jpeg,🎭
august,K3,,candle,A1,assets/K3/candle.jpeg,🕯️
august,K3,,game,A1,assets/K3/game.jpeg,🎮
august,K3,,party,A1,assets/K3/party.jpeg,🎉
august,K3,,treasure hunt,A1,assets/K3/treasure_hunt.jpeg,🗺️
august,K3,,shiny,A1,assets/K3/shiny.jpeg,✨
august,K3,,silver,A1,assets/K3/silver.jpeg,🥈
august,K3,,beads,A1,,
august,K3,,necklace,A1,assets/K3/necklace.jpeg,📿
august,K3,,birthday,A1,assets/K3/birthday.jpeg,🎂
august,K3,,January,A1,assets/K3/january.jpeg,🗓️
august,K3,,February,A1,assets/K3/february.jpeg,🗓️
august,K3,,March,A1,assets/K3/march.jpeg,🗓️
august,K3,,April,A1,assets/K3/april.jpeg,🗓️
august,K3,,May,A1,assets/K3/may.jpeg,🗓️
august,K3,,June,A1,assets/K3/june.jpeg,🗓️
august,K3,,July,A1,assets/K3/july.jpeg,🗓️
august,K3,,August,A1,assets/K3/august.jpeg,🗓️
august,K3,,September,A1,assets/K3/september.jpeg,🗓️
august,K3,,October,A1,assets/K3/october.jpeg,🗓️
august,K3,,November,A1,assets/K3/november.jpeg,🗓️
august,K3,,December,A1,assets/K3/december.jpeg,🗓️
august,K3,,balloon,A1,assets/K3/balloon.jpeg,🎈
august,K3,,invitation,A1,assets/K3/invitation.jpeg,💌
august,K3,,ribbon,A1,assets/K3/ribbon.jpeg,🎀
august,K3,,wrapping paper,A1,assets/K3/wrapping_paper.jpeg,🎁
august,K3,,bow,A1,assets/K3/bow.jpeg,🎀
august,K3,,gift bag,A1,assets/K3/gift_bag.jpeg,🛍️
august,K3,,confetti,A1,assets/K3/confetti.jpeg,🎊
august,K3,,streamers,A1,,
august,K3,,party hat,A1,assets/K3/party_hat.jpeg,🎉
august,K3,,cake,A1,assets/K3/cake.jpeg,🍰
august,K3,,cookie,A1,assets/K3/cookie.jpeg,🍪
august,K3,,candy,A1,assets/K3/candy.jpeg,🍬
august,K3,,chocolate,A1,assets/K3/chocolate.jpeg,🍫
august,K3,,cupcake,A1,assets/K3/cupcake.jpeg,🧁
august,K3,,ice cream,A1,assets/K3/ice_cream.jpeg,🍦
august,K3,,juice,A1,assets/K3/juice.jpeg,🧃
august,K3,,friend,A1,assets/K3/friend.jpeg,🧑‍🤝‍🧑
august,K3,,family,A1,assets/K3/family.jpeg,👨‍👩‍👧‍👦
august,K3,,guest,A1,assets/K3/guest.jpeg,🙋
august,K3,,celebration,A1,assets/K3/celebration.jpeg,🎉
august,K3,,surprise,A1,assets/K3/surprise.jpeg,😲
august,K3,,decorate,A1,assets/K3/decorate.jpeg,🎨
august,K3,,celebrate,A1,assets/K3/celebrate.jpeg,🎉
august,K3,,care,A1,,💗
august,K3,,gift,A1,assets/K3/gift.jpeg,🎁
august,P1,Go Get Maths,shape,A1,assets/P1/shape.jpeg,🔷
august,P1,Science|English,head,A1,assets/P1/head.jpeg,🧑
august,P1,English|Go Get Maths,spoon,A1,assets/P1/spoon.jpeg,🥄
august,P1,Go Get Maths,pattern,A1,assets/P1/pattern.jpeg,🔶
august,P1,Science|English,face,A1,assets/P1/face.jpeg,😀
august,P1,English,spot,A1,assets/P1/spot.jpeg,
august,P1,Go Get Maths,vertex,A1,assets/P1/vertex.jpeg,📐
august,P1,Science|English,eye,A1,assets/P1/eye.jpeg,👁️
august,P1,English,swing,A1,assets/P1/swing.jpeg,🛝
august,P1,Go Get Maths,quadrilateral,A1,assets/P1/quadrilateral.jpeg,🔷
august,P1,Science,ear,A1,assets/P1/ear.jpeg,👂
august,P1,English,swim,A1,assets/P1/swim.jpeg,🏊
august,P1,Go Get Maths,triangle,A1,assets/P1/triangle.jpeg,🔺
august,P1,Science|English,nose,A1,assets/P1/nose.jpeg,👃
august,P1,English,stop,A1,assets/P1/stop.jpeg,🛑
august,P1,Go Get Maths,circle,A1,assets/P1/circle.jpeg,⭕
august,P1,Science|English,mouth,A1,assets/P1/mouth.jpeg,👄
august,P1,English,test,A1,assets/P1/test.jpeg,📝
august,P1,Go Get Maths,oval,A1,assets/P1/oval.jpeg,🥚
august,P1,Science,teeth,A1,assets/P1/teeth.jpeg,🦷
august,P1,English,stamp,A1,assets/P1/stamp.jpeg,📮
august,P1,Go Get Maths,pizza,A1,assets/P1/pizza.jpeg,🍕
august,P1,Science,tongue,A1,assets/P1/tongue.jpeg,👅
august,P1,English,fast,A1,assets/P1/fast.jpeg,💨
august,P1,Go Get Maths,watermelon,A1,assets/P1/watermelon.jpeg,🍉
august,P1,Science,hair,A1,assets/P1/hair.jpeg,💇
august,P1,English,seasons,A1,,
august,P1,Go Get Maths,wheel,A1,assets/P1/wheel.jpeg,🛞
august,P1,Science,chin,A1,assets/P1/chin.jpeg,😀
august,P1,English,tea,A1,assets/P1/tea.jpeg,🍵
august,P1,Go Get Maths,ring,A1,assets/P1/ring.jpeg,💍
august,P1,Science|English,body,A1,assets/P1/body.jpeg,🧍
august,P1,English,skates,A1,,
august,P1,Go Get Maths,racket,A1,assets/P1/racket.jpeg,🎾
august,P1,Science,arm,A1,assets/P1/arm.jpeg,💪
august,P1,English,snail,A1,assets/P1/snail.jpeg,🐌
august,P1,Go Get Maths,mobile phone,A1,assets/P1/mobile_phone.jpeg,📱
august,P1,Science|Go Get Maths,hand,A1,assets/P1/hand.jpeg,✋
august,P1,English,stone,A1,assets/P1/stone.jpeg,🪨
august,P1,Go Get Maths,calculator,A1,assets/P1/calculator.jpeg,🧮
august,P1,Science,finger,A1,assets/P1/finger.jpeg,☝️
august,P1,English,playroom,A1,assets/P1/playroom.jpeg,🧸
august,P1,Go Get Maths,front,A1,assets/P1/front.jpeg,
august,P1,Science,leg,A1,assets/P1/leg.jpeg,🦵
august,P1,English,block,A1,assets/P1/block.jpeg,🧱
august,P1,Go Get Maths,paper,A1,assets/P1/paper.jpeg,📄
august,P1,Science|English,foot,A1,assets/P1/foot.jpeg,🦶
august,P1,English,dinosaur,A1,assets/P1/dinosaur.jpeg,🦕
august,P1,Go Get Maths,flat,A1,assets/P1/flat.jpeg,
august,P1,Science,toe,A1,assets/P1/toe.jpeg,🦶
august,P1,English,toy,A1,assets/P1/toy.jpeg,🧸
august,P1,Go Get Maths,house,A1,assets/P1/house.jpeg,🏠
august,P1,Science,back,A1,assets/P1/back.jpeg,
august,P1,English,in,A1,assets/P1/in.jpeg,📥
august,P1,Go Get Maths,cuboid,A1,assets/P1/cuboid.jpeg,📦
august,P1,Science,elbow,A1,assets/P1/elbow.jpeg,💪
august,P1,English,on,A1,assets/P1/on.jpeg,🔛
august,P1,Go Get Maths,sphere,A1,assets/P1/sphere.jpeg,🔵
august,P1,Science,knee,A1,assets/P1/knee.jpeg,🦵
august,P1,English,under,A1,assets/P1/under.jpeg,⬇️
august,P1,Go Get Maths,cylinder,A1,assets/P1/cylinder.jpeg,🥫
august,P1,Science,heart,A1,assets/P1/heart.jpeg,❤️
august,P1,English,next to,A1,assets/P1/next_to.jpeg,
august,P1,Go Get Maths,cone,A1,assets/P1/cone.jpeg,🍦
august,P1,Science,lung,A1,assets/P1/lung.jpeg,🫁
august,P1,English,between,A1,assets/P1/between.jpeg,↔️
august,P1,Go Get Maths,box,A1,assets/P1/box.jpeg,📦
august,P1,Science,brain,A1,assets/P1/brain.jpeg,🧠
august,P1,English,plane,A1,assets/P1/plane.jpeg,✈️
august,P1,Go Get Maths,washing machine,A1,assets/P1/washing_machine.jpeg,🧺
august,P1,Science,skeleton,A1,assets/P1/skeleton.jpeg,💀
august,P1,English,robot,A1,assets/P1/robot.jpeg,🤖
august,P1,Go Get Maths,globe,A1,assets/P1/globe.jpeg,🌍
august,P1,Science,muscle,A1,assets/P1/muscle.jpeg,💪
august,P1,English,helicopter,A1,assets/P1/helicopter.jpeg,🚁
august,P1,Go Get Maths,can,A1,assets/P1/can.jpeg,🥫
august,P1,Science,blood,A1,assets/P1/blood.jpeg,🩸
august,P1,English,boat,A1,assets/P1/boat.jpeg,⛵
august,P1,Go Get Maths,battery,A1,assets/P1/battery.jpeg,🔋
august,P1,Science,stomach,A1,assets/P1/stomach.jpeg,🫃
august,P1,English,sad,A1,assets/P1/sad.jpeg,😢
august,P1,Go Get Maths,carrot,A1,assets/P1/carrot.jpeg,🥕
august,P1,Science,breathe,A1,assets/P1/breathe.jpeg,
august,P1,English,happy,A1,assets/P1/happy.jpeg,😊
august,P1,Go Get Maths,log,A1,assets/P1/log.jpeg,🪵
august,P1,Science,pump,A1,assets/P1/pump.jpeg,⛽
august,P1,English,angry,A1,assets/P1/angry.jpeg,😠
august,P1,Go Get Maths,ball,A1,assets/P1/ball.jpeg,⚽
august,P1,Science,inside,A1,assets/P1/inside.jpeg,
august,P1,English,excited,A1,,🤩
august,P1,Go Get Maths,curve,A1,assets/P1/curve.jpeg,〰️
august,P1,Science,see,A1,assets/P1/see.jpeg,👀
august,P1,Go Get Maths,student,A1,assets/P1/student.jpeg,🧑‍🎓
august,P1,Science,hear,A1,assets/P1/hear.jpeg,👂
august,P1,Go Get Maths,teacher,A1,assets/P1/teacher.jpeg,👩‍🏫
august,P1,Science,smell,A1,assets/P1/smell.jpeg,👃
august,P1,Science,taste,A1,assets/P1/taste.jpeg,👅
august,P1,Go Get Maths,bag,A1,assets/P1/bag.jpeg,🎒
august,P1,Science,touch,A1,assets/P1/touch.jpeg,👆
august,P1,Go Get Maths,next,A1,assets/P1/next.jpeg,➡️
august,P1,Science,sweet,A1,assets/P1/sweet.jpeg,🍬
august,P1,Go Get Maths,color,A1,assets/P1/color.jpeg,🎨
august,P1,Science,sour,A1,assets/P1/sour.jpeg,🍋
august,P1,Go Get Maths,size,A1,assets/P1/size.jpeg,
august,P1,Science,salty,A1,assets/P1/salty.jpeg,🧂
august,P1,English|Science,short,A1,assets/P1/short.jpeg,📏
august,P1,Go Get Maths,side,A1,assets/P1/side.jpeg,
august,P1,Science,bitter,A1,assets/P1/bitter.jpeg,😖
august,P1,English,long,A1,assets/P1/long.jpeg,
august,P1,Go Get Maths,people,A1,assets/P1/people.jpeg,👨‍👩‍👧‍👦
august,P1,Science,hot,A1,assets/P1/hot.jpeg,🔥
august,P1,English,van,A1,assets/P1/van.jpeg,🚐
august,P1,Go Get Maths,person,A1,assets/P1/person.jpeg,🧍
august,P1,Science,measure,A1,assets/P1/measure.jpeg,📏
august,P1,English,hen,A1,assets/P1/hen.jpeg,🐔
august,P1,Go Get Maths|English,duck,A1,assets/P1/duck.jpeg,🦆
august,P1,Science,tall,A1,assets/P1/tall.jpeg,📏
august,P1,English,fin,A1,assets/P1/fin.jpeg,🐟
august,P1,English,bus,A1,assets/P1/bus.jpeg,🚌
august,P1,Go Get Maths,fork,A1,assets/P1/fork.jpeg,🍴
august,P1,Science,hand span,A1,assets/P1/hand_span.jpeg,
august,P1,Go Get Maths,party,A1,assets/P1/party.jpeg,🎉
august,P1,Science,foot size,A1,assets/P1/foot_size.jpeg,
august,P1,English,shell,A1,assets/P1/shell.jpeg,🐚
august,P1,Go Get Maths,ladybug,A1,assets/P1/ladybug.jpeg,🐞
august,P1,Science,heavy,A1,assets/P1/heavy.jpeg,
august,P1,English,rocket,A1,assets/P1/rocket.jpeg,🚀
august,P1,Go Get Maths,fly,A1,assets/P1/fly.jpeg,🕊️
august,P1,Science,light,A1,assets/P1/light.jpeg,💡
august,P1,English,ship,A1,assets/P1/ship.jpeg,🚢
august,P1,Go Get Maths,bloom,A1,assets/P1/bloom.jpeg,🌸
august,P1,Science,number,A1,assets/P1/number.jpeg,🔢
august,P1,English,milk,A1,assets/P1/milk.jpeg,🥛
august,P1,Go Get Maths,bee,A1,assets/P1/bee.jpeg,🐝
august,P1,Science,chart,A1,assets/P1/chart.jpeg,📊
august,P1,English,numerical,A1,,
august,P1,Go Get Maths,pencil,A1,assets/P1/pencil.jpeg,✏️
august,P1,Science,human,A1,assets/P1/human.jpeg,🧍
august,P1,English,orange,A1,assets/P1/orange.jpeg,🟠
august,P2,,art,A2,assets/P2/art.jpeg,🎨
august,P2,,beach,A2,assets/P2/beach.jpeg,🏖️
august,P2,,blog,A2,assets/P2/blog.jpeg,📝
august,P2,,breakfast,A2,assets/P2/breakfast.jpeg,🍳
august,P2,,bus,A2,assets/P2/bus.jpeg,🚌
august,P2,,clock,A2,assets/P2/clock.jpeg,🕐
august,P2,,cloudy,A2,assets/P2/cloudy.jpeg,☁️
august,P2,,cow,A2,assets/P2/cow.jpeg,🐄
august,P2,,crown,A2,assets/P2/crown.jpeg,👑
august,P2,,dinner,A2,assets/P2/dinner.jpeg,🍽️
august,P2,,down,A2,assets/P2/down.jpeg,
august,P2,,eat,A2,assets/P2/eat.jpeg,🍽️
august,P2,,english,A2,assets/P2/english.jpeg,🔤
august,P2,,flower,A2,assets/P2/flower.jpeg,🌸
august,P2,,dragon,A2,assets/P2/dragon.jpeg,🐉
august,P2,,foggy,A2,assets/P2/foggy.jpeg,🌫️
august,P2,,gloves,A2,,
august,P2,,hail,A2,assets/P2/hail.jpeg,🌨️
august,P2,,hat,A2,assets/P2/hat.jpeg,🎩
august,P2,,help,A2,assets/P2/help.jpeg,🤝
august,P2,,hour,A2,assets/P2/hour.jpeg,🕐
august,P2,,jumper,A2,assets/P2/jumper.jpeg,🧥
august,P2,,lightning,A2,assets/P2/lightning.jpeg,⚡
august,P2,,like,A2,assets/P2/like.jpeg,
august,P2,,look,A2,assets/P2/look.jpeg,👀
august,P2,,lunch,A2,assets/P2/lunch.jpeg,🍱
august,P2,,math,A2,assets/P2/math.jpeg,➗
august,P2,,mouth,A2,assets/P2/mouth.jpeg,👄
august,P2,,owl,A2,assets/P2/owl.jpeg,🦉
august,P2,,password,A2,assets/P2/password.jpeg,🔑
august,P2,,play,A2,assets/P2/play.jpeg,🎮
august,P2,,pool,A2,assets/P2/pool.jpeg,🏊
august,P2,,rainbow,A2,assets/P2/rainbow.jpeg,🌈
august,P2,,rainy,A2,assets/P2/rainy.jpeg,🌧️
august,P2,,read,A2,assets/P2/read.jpeg,📖
august,P2,,round,A2,assets/P2/round.jpeg,⭕
august,P2,,routine,A2,assets/P2/routine.jpeg,🔁
august,P2,,snowy,A2,assets/P2/snowy.jpeg,🌨️
august,P2,,mountain,A2,assets/P2/mountain.jpeg,⛰️
august,P2,,stormy,A2,assets/P2/stormy.jpeg,⛈️
august,P2,,summer,A2,assets/P2/summer.jpeg,☀️
august,P2,,sunny,A2,assets/P2/sunny.jpeg,☀️
august,P2,,tent,A2,assets/P2/tent.jpeg,⛺
august,P2,,thunder,A2,assets/P2/thunder.jpeg,⛈️
august,P2,,time,A2,assets/P2/time.jpeg,⏰
august,P2,,poster,A2,assets/P2/poster.jpeg,📜
august,P2,,umbrella,A2,assets/P2/umbrella.jpeg,☂️
august,P2,,weather,A2,assets/P2/weather.jpeg,🌦️
august,P2,,windy,A2,assets/P2/windy.jpeg,💨
august,P2,,write,A2,assets/P2/write.jpeg,✍️
august,P3,,jigsaw puzzle,A2,assets/P3/jigsaw_puzzle.jpeg,🧩
august,P3,,number puzzle,A2,assets/P3/number_puzzle.jpeg,🧩
august,P3,,word puzzle,A2,assets/P3/word_puzzle.jpeg,🧩
august,P3,,picture puzzle,A2,assets/P3/picture_puzzle.jpeg,🧩
august,P3,,numbers,A2,,🔢
august,P3,,shapes,A2,,
august,P3,,cabbage,A2,assets/P3/cabbage.jpeg,🥬
august,P3,,leaf,A2,assets/P3/leaf.jpeg,🍃
august,P3,,overnight,A2,assets/P3/overnight.jpeg,
august,P3,,salt,A2,assets/P3/salt.jpeg,🧂
august,P3,,experiment,A2,assets/P3/experiment.jpeg,🧪
august,P3,,float,A2,assets/P3/float.jpeg,🏊
august,P3,,drop,A2,assets/P3/drop.jpeg,💧
august,P3,,cup,A2,assets/P3/cup.jpeg,☕
august,P3,,dye,A2,assets/P3/dye.jpeg,🎨
august,P3,,white,A2,assets/P3/white.jpeg,⚪
august,P3,,black,A2,assets/P3/black.jpeg,⚫
august,P3,,green,A2,assets/P3/green.jpeg,🟢
august,P3,,blue,A2,assets/P3/blue.jpeg,🔵
august,P3,,orange,A2,assets/P3/orange.jpeg,🟠
august,P3,,brown,A2,assets/P3/brown.jpeg,🟤
august,P3,,purple,A2,assets/P3/purple.jpeg,🟣
august,P3,,pink,A2,assets/P3/pink.jpeg,🩷
august,P3,,yellow,A2,assets/P3/yellow.jpeg,🟡
august,P3,,red,A2,assets/P3/red.jpeg,🔴
august,P3,,salt water,A2,assets/P3/salt_water.jpeg,🌊
august,P3,,fresh water,A2,assets/P3/fresh_water.jpeg,💧
august,P3,,stir,A2,assets/P3/stir.jpeg,🥄
august,P3,,illusion,A2,assets/P3/illusion.jpeg,🪄
august,P3,,picture,A2,assets/P3/picture.jpeg,🖼️
august,P3,,king,A2,assets/P3/king.jpeg,🤴
august,P3,,queen,A2,assets/P3/queen.jpeg,👸
august,P3,,bishop,A2,assets/P3/bishop.jpeg,♗
august,P3,,rook,A2,assets/P3/rook.jpeg,♜
august,P3,,knight,A2,assets/P3/knight.jpeg,🛡️
august,P3,,pawn,A2,assets/P3/pawn.jpeg,♟️
august,P3,,chess,A2,assets/P3/chess.jpeg,♟️
august,P3,,country,A2,assets/P3/country.jpeg,🗺️
august,P3,,India,A2,assets/P3/India.jpeg,
august,P3,,Persia,A2,assets/P3/persia.jpeg,
august,P3,,Armenia,A2,assets/P3/armenia.jpeg,
august,P3,,memory,A2,assets/P3/memory.jpeg,🧠
august,P3,,kettle,A2,assets/P3/kettle.jpeg,🫖
august,P3,,maze,A2,assets/P3/maze.jpeg,🌀
august,P3,,crack,A2,assets/P3/crack.jpeg,🥚
august,P3,,win,A2,assets/P3/win.jpeg,🏆
august,P3,,cold,A2,assets/P3/cold.jpeg,🥶
august,P3,,code,A2,assets/P3/code.jpeg,💻
august,P3,,stem,A2,assets/P3/stem.jpeg,🌱
august,P3,,goggles,A2,,
august,P4,,villa,A2,assets/P4/villa.jpeg,🏡
august,P4,,tent,A2,assets/P4/tent.jpeg,⛺
august,P4,,apartment,A2,assets/P4/apartment.jpeg,🏢
august,P4,,stacked homes,A2,,
august,P4,,floating home,A2,assets/P4/floating_home.jpeg,🏠
august,P4,,home on stilts,A2,assets/P4/home_on_stilts.jpeg,🏚️
august,P4,,cave home,A2,assets/P4/cave_home.jpeg,🕳️
august,P4,,cottage,A2,assets/P4/cottage.jpeg,🏡
august,P4,,reed,A2,assets/P4/reed.jpeg,🌾
august,P4,,stir,A2,assets/P4/stir.jpeg,🥄
august,P4,,hop,A2,assets/P4/hop.jpeg,🦘
august,P4,,architect,A2,assets/P4/architect.jpeg,📐
august,P4,,design,A2,assets/P4/design.jpeg,🎨
august,P4,,adventure,A2,assets/P4/adventure.jpeg,🗺️
august,P4,,palace,A2,assets/P4/palace.jpeg,🏰
august,P4,,doorstep,A2,,🚪
august,P4,,caption,A2,assets/P4/caption.jpeg,💬
august,P4,,guard,A2,assets/P4/guard.jpeg,💂
august,P4,,display,A2,assets/P4/display.jpeg,🖥️
august,P4,,relax,A2,assets/P4/relax.jpeg,🧘
august,P4,,modern,A2,assets/P4/modern.jpeg,
august,P4,,chimney,A2,,🏠
august,P4,,visitor,A2,assets/P4/visitor.jpeg,🧳
august,P4,,speaker,A2,assets/P4/speaker.jpeg,🗣️
august,P4,,castle,A2,assets/P4/castle.jpeg,🏰
august,P4,,skip,A2,assets/P4/skip.jpeg,🤸
august,P4,,chase,A2,assets/P4/chase.jpeg,🏃
august,P4,,beams,A2,,
august,P4,,turn,A2,assets/P4/turn.jpeg,🔄
august,P4,,tear,A2,assets/P4/tear.jpeg,😢
august,P4,,entrance,A2,assets/P4/entrance.jpeg,🚪
august,P4,,building,A2,assets/P4/building.jpeg,🏢
august,P4,,stairs,A2,,🪜
august,P4,,exercise,A2,assets/P4/exercise.jpeg,🏃
august,P4,,build,A2,assets/P4/build.jpeg,🔨
august,P4,,corner,A2,assets/P4/corner.jpeg,
august,P4,,lay,A2,assets/P4/lay.JPG,🥚
august,P4,,tin,A2,assets/P4/tin.jpeg,🥫
august,P4,,model house,A2,,
august,P4,,porridge,A2,assets/P4/porridge.JPG,🥣
august,P4,,bridge,A2,assets/P4/bridge.JPG,🌉
august,P4,,roof,A2,,🏠
august,P4,,paint,A2,assets/P4/paint.JPG,🎨
august,P4,,wall,A2,assets/P4/wall.jpeg,🧱
august,P4,,key,A2,assets/P4/key.jpeg,🔑
august,P4,,road,A2,assets/P4/road.jpeg,🛣️
august,P4,,crown,A2,assets/P4/crown.jpeg,👑
august,P4,,fold,A2,assets/P4/fold.jpeg,📄
august,P4,,film,A2,assets/P4/film.jpeg,🎬
august,P4,,gate,A2,assets/P4/gate.jpeg,🚪
august,P5,,ancient,B1,assets/P5/ancient.jpeg,
august,P5,,building,B1,assets/P5/building.jpeg,🏢
august,P5,,locate,B1,assets/P5/locate.jpeg,📍
august,P5,,temple,B1,assets/P5/temple.jpeg,🛕
august,P5,,village,B1,assets/P5/village.jpeg,🏘️
august,P5,,library,B1,assets/P5/library.jpeg,📚
august,P5,,underwater,B1,assets/P5/underwater.jpeg,🌊
august,P5,,monument,B1,assets/P5/monument.jpeg,🗿
august,P5,,palace,B1,assets/P5/palace.jpeg,🏰
august,P5,,theatre,B1,assets/P5/theatre.jpeg,🎭
august,P5,,pyramid,B1,assets/P5/pyramid.jpeg,🔺
august,P5,,castle,B1,assets/P5/castle.jpeg,🏰
august,P5,,special,B1,assets/P5/special.jpeg,🌟
august,P5,,religious,B1,assets/P5/religious.jpeg,
august,P5,,collection,B1,assets/P5/collection.jpeg,📦
august,P5,,performance,B1,assets/P5/performance.jpeg,🎭
august,P5,,build,B1,assets/P5/build.jpeg,🔨
august,P5,,stay,B1,assets/P5/stay.jpeg,🛑
august,P5,,posts,B1,,
august,P5,,location,B1,assets/P5/location.jpeg,📍
august,P5,,position,B1,assets/P5/position.jpeg,
august,P5,,direction,B1,assets/P5/direction.jpeg,
august,P5,,into,B1,assets/P5/into.jpeg,
august,P5,,out of,B1,assets/P5/out_of.jpeg,
august,P5,,from,B1,assets/P5/from.jpeg,
august,P5,,towards,B1,,
august,P5,,above,B1,assets/P5/above.jpeg,
august,P5,,before,B1,assets/P5/before.jpeg,
august,P5,,through,B1,assets/P5/through.jpeg,
august,P5,,burial mound,B1,assets/P5/burial_mound.jpeg,⛰️
august,P5,,opposite,B1,assets/P5/opposite.jpeg,↔️
august,P5,,hang,B1,assets/P5/hang.jpeg,🪝
august,P5,,colossus,B1,assets/P5/colossus.jpeg,🗿
august,P5,,statue,B1,assets/P5/statue.jpeg,
august,P5,,lighthouse,B1,assets/P5/lighthouse.jpeg,🗼
august,P5,,wonders,B1,,
august,P5,,destroy,B1,assets/P5/destroy.jpeg,💥
august,P5,,chariot,B1,assets/P5/chariot.jpeg,🛞
august,P5,,harbour,B1,assets/P5/harbour.jpeg,⚓
august,P5,,similarities,B1,,
august,P5,,differences,B1,assets/P5/differences.jpeg,
august,P5,,pillars,B1,,
august,P5,,mausoleum,B1,assets/P5/mausoleum.jpeg,🏛️
august,P5,,fascinate,B1,assets/P5/fascinate.jpeg,
august,P5,,columns,B1,,
august,P5,,shovel,B1,assets/P5/shovel.jpeg,🪏
august,P5,,blurb,B1,assets/P5/blurb.jpeg,
august,P5,,dunes,B1,,
august,P5,,crouch,B1,assets/P5/crouch.jpeg,🧎
august,P5,,chamber,B1,assets/P5/chamber.jpeg,🚪
august,P6,,scan,B1,assets/P6/scan.jpeg,📠
august,P6,,decode,B1,assets/P6/decode.jpeg,🔓
august,P6,,agriculture,B1,assets/P6/agriculture.jpeg,🌾
august,P6,,architecture,B1,assets/P6/architecture.jpeg,
august,P6,,construction,B1,assets/P6/construction.jpeg,🏗️
august,P6,,training,B1,assets/P6/training.jpeg,🏋️
august,P6,,finance,B1,assets/P6/finance.jpeg,💰
august,P6,,government,B1,assets/P6/government.jpeg,🏛️
august,P6,,hospitality,B1,assets/P6/hospitality.jpeg,🏨
august,P6,,law,B1,assets/P6/law.jpeg,⚖️
august,P6,,manufacturing,B1,assets/P6/manufacturing.jpeg,
august,P6,,science,B1,assets/P6/science.jpeg,🔬
august,P6,,transport,B1,assets/P6/transport.jpeg,🚌
august,P6,,tourism,B1,assets/P6/tourism.jpeg,🧳
august,P6,,engineering,B1,assets/P6/engineering.jpeg,
august,P6,,health,B1,assets/P6/health.jpeg,❤️‍🩹
august,P6,,coder,B1,assets/P6/coder.jpeg,🧑‍💻
august,P6,,farmer,B1,assets/P6/farmer.jpeg,👨‍🌾
august,P6,,electrician,B1,assets/P6/electrician.jpeg,🔌
august,P6,,mechanic,B1,assets/P6/mechanic.jpeg,🔧
august,P6,,hairdresser,B1,assets/P6/hairdresser.jpeg,💇
august,P6,,abstract,B1,assets/P6/abstract.jpeg,
august,P6,,volunteer,B1,assets/P6/volunteer.jpeg,🙋
august,P6,,builder,B1,assets/P6/builder.jpeg,👷
august,P6,,paramedic,B1,assets/P6/paramedic.jpeg,🚑
august,P6,,coach,B1,assets/P6/coach.jpeg,🧑‍🏫
august,P6,,consultant,B1,assets/P6/consultant.jpeg,💼
august,P6,,rescuer,B1,assets/P6/rescuer.jpeg,🦺
august,P6,,chemical,B1,assets/P6/chemical.jpeg,
august,P6,,politician,B1,assets/P6/politician.jpeg,🏛️
august,P6,,spy,B1,assets/P6/spy.jpeg,🕵️
august,P6,,accident,B1,assets/P6/accident.jpeg,💥
august,P6,,service,B1,assets/P6/service.jpeg,🛎️
august,P6,,mystery,B1,assets/P6/mystery.jpeg,🔮
august,P6,,argument,B1,assets/P6/argument.jpeg,💬
august,P6,,essential,B1,assets/P6/essential.jpeg,
august,P6,,qualification,B1,assets/P6/qualification.jpeg,🎓
august,P6,,mission,B1,assets/P6/mission.jpeg,🎯
august,P6,,specification,B1,assets/P6/specification.jpeg,
august,P6,,technical,B1,assets/P6/technical.jpeg,
august,P6,,judge,B1,assets/P6/judge.jpeg,👨‍⚖️
august,P6,,accountant,B1,assets/P6/accountant.jpeg,🧮
august,P6,,veterinarian,B1,assets/P6/veterinarian.jpeg,🐶
august,P6,,psychologist,B1,assets/P6/psychologist.jpeg,🧠
august,P6,,physiotherapist,B1,assets/P6/physiotherapist.jpeg,🧑‍⚕️
august,P6,,promotion,B1,assets/P6/promotion.jpeg,📈
august,P6,,salary,B1,assets/P6/salary.jpeg,💵
august,P6,,benefit,B1,assets/P6/benefit.jpeg,
august,P6,,duty,B1,assets/P6/duty.jpeg,📋
august,P6,,role,B1,assets/P6/role.jpeg,🎭
september,K1,,car,Pre-A1,,🚗
september,K1,,bike,Pre-A1,,🚲
september,K1,,train,Pre-A1,,🚂
september,K1,,quiet,Pre-A1,,🤫
september,K1,,plane,Pre-A1,,✈️
september,K1,,balloon,Pre-A1,,🎈
september,K1,,green,Pre-A1,,🟢
september,K1,,pink,Pre-A1,,🩷
september,K1,,purple,Pre-A1,,🟣
september,K1,,wheel,Pre-A1,,🛞
september,K1,,sit down,Pre-A1,,🪑
september,K1,,fast,Pre-A1,,💨
september,K1,,slow,Pre-A1,,🐢
september,K1,,jacket,Pre-A1,,🧥
september,K1,,juice,Pre-A1,,🧃
september,K1,,kite,Pre-A1,,🪁
september,K1,,ride,Pre-A1,,🚲
september,K1,,transportation,Pre-A1,,🚌
september,K1,,experiment,Pre-A1,,🧪
september,K1,,race,Pre-A1,,🏁
september,K1,,vehicle,Pre-A1,,🚗
september,K1,,judge,Pre-A1,,👨‍⚖️
september,K1,,speed,Pre-A1,,💨
september,K1,,track,Pre-A1,,🛤️
september,K1,,paint,Pre-A1,,🎨
september,K1,,paper,Pre-A1,,📄
september,K1,,colors,Pre-A1,,
september,K1,,music,Pre-A1,,🎵
september,K1,,circle,Pre-A1,,⭕
september,K1,,winner,Pre-A1,,🏆
september,K1,,board,Pre-A1,,📋
september,K1,,truck,Pre-A1,,🚚
september,K1,,tire,Pre-A1,,🛞
september,K1,,roll,Pre-A1,,🎲
september,K1,,dip,Pre-A1,,🥣
september,K1,,print,Pre-A1,,🖨️
september,K1,,guess,Pre-A1,,🤔
september,K1,,pencil case,Pre-A1,,
september,K1,,project,Pre-A1,,📊
september,K1,,slideshow,Pre-A1,,📽️
september,K1,,poster,Pre-A1,,📜
september,K1,,flashcard,Pre-A1,,🃏
september,K1,,sticker,Pre-A1,,🌟
september,K1,,paper clip,Pre-A1,,📎
september,K1,,thin,Pre-A1,,📏
september,K1,,thick,Pre-A1,,📚
september,K1,,eraser,Pre-A1,,🧽
september,K1,,newspaper,Pre-A1,,📰
september,K1,,house,Pre-A1,,🏠
september,K1,,ruler,Pre-A1,,📏
september,K2,,sunny,Pre-A1,,☀️
september,K2,,rainy,Pre-A1,,🌧️
september,K2,,windy,Pre-A1,,💨
september,K2,,snowy,Pre-A1,,🌨️
september,K2,,hot,Pre-A1,,🔥
september,K2,,cold,Pre-A1,,🥶
september,K2,,warm,Pre-A1,,🌤️
september,K2,,cloudy,Pre-A1,,☁️
september,K2,,wet,Pre-A1,,💧
september,K2,,dry,Pre-A1,,🏜️
september,K2,,boots,Pre-A1,,🥾
september,K2,,pool,Pre-A1,,🏊
september,K2,,sky,Pre-A1,,🌤️
september,K2,,sun,Pre-A1,,☀️
september,K2,,rain,Pre-A1,,🌧️
september,K2,,wind,Pre-A1,,💨
september,K2,,snow,Pre-A1,,❄️
september,K2,,cloud,Pre-A1,,☁️
september,K2,,storm,Pre-A1,,⛈️
september,K2,,umbrella,Pre-A1,,☂️
september,K2,,jacket,Pre-A1,,🧥
september,K2,,coat,Pre-A1,,🧥
september,K2,,scarf,Pre-A1,,🧣
september,K2,,leaves,Pre-A1,,
september,K2,,gloves,Pre-A1,,
september,K2,,Sunday,Pre-A1,,📅
september,K2,,Monday,Pre-A1,,📅
september,K2,,Tuesday,Pre-A1,,📅
september,K2,,Wednesday,Pre-A1,,📅
september,K2,,Thursday,Pre-A1,,📅
september,K2,,Friday,Pre-A1,,📅
september,K2,,Saturday,Pre-A1,,📅
september,K2,,weather forecast,Pre-A1,,📺
september,K2,,temperature,Pre-A1,,🌡️
september,K2,,sled,Pre-A1,,🛷
september,K2,,rainbow,Pre-A1,,🌈
september,K2,,fireplace,Pre-A1,,🔥
september,K2,,slip,Pre-A1,,🤸
september,K2,,raincoat,Pre-A1,,🧥
september,K2,,hat,Pre-A1,,🎩
september,K2,,blanket,Pre-A1,,🛏️
september,K2,,towel,Pre-A1,,🧻
september,K2,,socks,Pre-A1,,🧦
september,K2,,sunglasses,Pre-A1,,🕶️
september,K2,,cap,Pre-A1,,🧢
september,K2,,shorts,Pre-A1,,🩳
september,K2,,skirt,Pre-A1,,👗
september,K2,,sweater,Pre-A1,,🧶
september,K2,,shirt,Pre-A1,,👕
september,K2,,splash,Pre-A1,,💦
september,K3,,swimming pool,A1,,🏊
september,K3,,zoo,A1,,🦁
september,K3,,library,A1,,📚
september,K3,,supermarket,A1,,🛒
september,K3,,coffee shop,A1,,☕
september,K3,,park,A1,,🏞️
september,K3,,neighborhood,A1,,🏘️
september,K3,,street,A1,,🛣️
september,K3,,road,A1,,🛣️
september,K3,,bus stop,A1,,🚏
september,K3,,street sign,A1,,🪧
september,K3,,traffic light,A1,,🚦
september,K3,,sidewalk,A1,,🚶
september,K3,,bakery,A1,,🥐
september,K3,,bridge,A1,,🌉
september,K3,,building,A1,,🏢
september,K3,,goggles,A1,,
september,K3,,apartment,A1,,🏢
september,K3,,town,A1,,🏘️
september,K3,,shop,A1,,🏪
september,K3,,shopping cart,A1,,
september,K3,,twenty one,A1,,2️⃣1️⃣
september,K3,,twenty two,A1,,2️⃣2️⃣
september,K3,,twenty three,A1,,2️⃣3️⃣
september,K3,,twenty four,A1,,2️⃣4️⃣
september,K3,,twenty five,A1,,2️⃣5️⃣
september,K3,,twenty six,A1,,2️⃣6️⃣
september,K3,,twenty seven,A1,,2️⃣7️⃣
september,K3,,twenty eight,A1,,2️⃣8️⃣
september,K3,,twenty nine,A1,,2️⃣9️⃣
september,K3,,pet store,A1,,🐕
september,K3,,toy shop,A1,,🧸
september,K3,,ice cream shop,A1,,🍦
september,K3,,playground,A1,,🛝
september,K3,,bus,A1,,🚌
september,K3,,splash,A1,,💦
september,K3,,flower,A1,,🌸
september,K3,,umbrella,A1,,☂️
september,K3,,water slide,A1,,🛝
september,K3,,lake,A1,,🏞️
september,K3,,swim,A1,,🏊
september,K3,,shake,A1,,🤝
september,K3,,doctor,A1,,👨‍⚕️
september,K3,,hurt,A1,,
september,K3,,toy,A1,,🧸
september,K3,,boat,A1,,⛵
september,K3,,clock,A1,,🕐
september,K3,,train,A1,,🚂
september,K3,,slow,A1,,🐢
september,K3,,milkshake,A1,,🥤
september,P1,Go Get Maths,eleven,A1,,1️⃣1️⃣
september,P1,Science,run,A1,,🏃
september,P1,English,bike,A1,,🚲
september,P1,Go Get Maths,twelve,A1,,1️⃣2️⃣
september,P1,Science,walk,A1,,🚶
september,P1,English,lorry,A1,,🚚
september,P1,Go Get Maths,thirteen,A1,,1️⃣3️⃣
september,P1,Science,bend,A1,,🙇
september,P1,English,train,A1,,🚂
september,P1,Go Get Maths,fourteen,A1,,1️⃣4️⃣
september,P1,Science,hold,A1,,✊
september,P1,English,curved line,A1,,〰️
september,P1,Go Get Maths,fifteen,A1,,1️⃣5️⃣
september,P1,Science,lift,A1,,🏋️
september,P1,English,pilot,A1,,🧑‍✈️
september,P1,Go Get Maths,sixteen,A1,,1️⃣6️⃣
september,P1,Science,chew,A1,,😋
september,P1,English,sailor,A1,,⛵
september,P1,Go Get Maths,seventeen,A1,,1️⃣7️⃣
september,P1,Science,sip,A1,,🥤
september,P1,English,school,A1,,🏫
september,P1,Go Get Maths,eighteen,A1,,1️⃣8️⃣
september,P1,Science,nap,A1,,😴
september,P1,English,chips,A1,,🍟
september,P1,Go Get Maths,nineteen,A1,,1️⃣9️⃣
september,P1,Science,breathe,A1,assets/P1/breathe.jpeg,
september,P1,English,chicken,A1,assets/P1/chicken.jpeg,🐔
september,P1,Go Get Maths,twenty,A1,,2️⃣0️⃣
september,P1,Science,listen,A1,assets/P1/listen.jpeg,👂
september,P1,English,thick,A1,,📚
september,P1,Go Get Maths,correct,A1,,✅
september,P1,Science,wash,A1,,🧼
september,P1,English,thin,A1,,📏
september,P1,Go Get Maths,card,A1,,💌
september,P1,Science|English,brush,A1,,🖌️
september,P1,English,pizza,A1,assets/P1/pizza.jpeg,🍕
september,P1,Go Get Maths,switch,A1,,🔌
september,P1,Science,bath,A1,,🛁
september,P1,English,chin,A1,assets/P1/chin.jpeg,😀
september,P1,Go Get Maths,magnifying glass,A1,,🔍
september,P1,Science,shower,A1,,🚿
september,P1,English,thumb,A1,,👍
september,P1,Go Get Maths,car,A1,assets/P1/car.jpeg,🚗
september,P1,Science,soap,A1,,🧼
september,P1,English,town,A1,,🏘️
september,P1,Go Get Maths,pen,A1,assets/P1/pen.jpeg,🖊️
september,P1,Science,clean,A1,assets/P1/clean.jpeg,✨
september,P1,English,wood,A1,,🪵
september,P1,Go Get Maths,place value,A1,,🔢
september,P1,Science,germs,A1,,
september,P1,English,taxi,A1,,🚕
september,P1,Go Get Maths,colored pencil,A1,,
september,P1,Science,sick,A1,,🤒
september,P1,English,clam,A1,,
september,P1,Go Get Maths,paper clip,A1,,📎
september,P1,Science,doctor,A1,,👨‍⚕️
september,P1,Go Get Maths,pancake,A1,,🥞
september,P1,Science,bandage,A1,,🩹
september,P1,English,chick,A1,,🐤
september,P1,Go Get Maths,dinosaur,A1,assets/P1/dinosaur.jpeg,🦕
september,P1,Science,safe,A1,,🦺
september,P1,English,lunch,A1,,🍱
september,P1,Go Get Maths,horse,A1,,🐴
september,P1,Science,danger,A1,,⚠️
september,P1,English,watch,A1,,⌚
september,P1,Go Get Maths,egg tray,A1,,🥚
september,P1,Science,helmet,A1,,⛑️
september,P1,English,phone,A1,,📱
september,P1,Go Get Maths,clock,A1,assets/P1/clock.jpeg,🕐
september,P1,Science,stop,A1,assets/P1/stop.jpeg,🛑
september,P1,English,dolphin,A1,,🐬
september,P1,Go Get Maths,hanger,A1,,🧥
september,P1,Science,traffic,A1,,🚦
september,P1,English,whale,A1,,🐋
september,P1,Go Get Maths,television,A1,,📺
september,P1,Science,help,A1,,🤝
september,P1,English,white,A1,,⚪
september,P1,Go Get Maths,seed,A1,assets/P1/seed.jpeg,🌱
september,P1,Science,medicine,A1,,💊
september,P1,English,beach,A1,assets/P1/beach.jpeg,🏖️
september,P1,Go Get Maths,tiger,A1,,🐯
september,P1,Science,fire,A1,,🔥
september,P1,English,tail,A1,assets/P1/tail.jpeg,🐕
september,P1,Go Get Maths,rabbit,A1,assets/P1/rabbit.jpeg,🐰
september,P1,Science,careful,A1,,⚠️
september,P1,English,coconut,A1,,🥥
september,P1,Go Get Maths,leaf,A1,assets/P1/leaf.jpeg,🍃
september,P1,Science,nurse,A1,,👩‍⚕️
september,P1,English,building,A1,,🏢
september,P1,Go Get Maths,stick,A1,,🪵
september,P1,Science,healthy,A1,,🥗
september,P1,English,people,A1,assets/P1/people.jpeg,👨‍👩‍👧‍👦
september,P1,Go Get Maths,crab,A1,assets/P1/crab.jpeg,🦀
september,P1,Science,fruit,A1,,🍓
september,P1,English,road,A1,,🛣️
september,P1,Go Get Maths,shrimp,A1,,🦐
september,P1,Science,vegetable,A1,,🥦
september,P1,English,shoes,A1,,👟
september,P1,Go Get Maths,shell,A1,assets/P1/shell.jpeg,🐚
september,P1,Science,water,A1,assets/P1/water.jpeg,💧
september,P1,English,trash,A1,,🗑️
september,P1,Go Get Maths,fish,A1,assets/P1/fish.jpeg,🐟
september,P1,Science,exercise,A1,,🏃
september,P1,English,push,A1,,🫸
september,P1,Go Get Maths,seahorse,A1,,🐠
september,P1,Science,rest,A1,,😴
september,P1,English,cheese,A1,,🧀
september,P1,Go Get Maths,squid,A1,,🦑
september,P1,Science,happy,A1,assets/P1/happy.jpeg,😊
september,P1,English,chocolate,A1,,🍫
september,P1,Go Get Maths,lobster,A1,,🦞
september,P1,Science,strong,A1,,💪
september,P1,English,wheel,A1,assets/P1/wheel.jpeg,🛞
september,P1,Go Get Maths,donut,A1,,🍩
september,P1,Science,good,A1,,👍
september,P1,English,cherry,A1,,🍒
september,P1,Go Get Maths|English,candy,A1,,🍬
september,P1,Science,bad,A1,,👎
september,P1,English,shop,A1,,🏪
september,P1,Go Get Maths,envelope,A1,,✉️
september,P1,Science,monster,A1,,👾
september,P1,English,river,A1,assets/P1/river.jpeg,🏞️
september,P1,Go Get Maths,dart board,A1,,🎯
september,P1,Science,describe,A1,,💬
september,P1,English,vase,A1,,🏺
september,P1,Go Get Maths,durian,A1,,🥭
september,P1,Science,draw,A1,assets/P1/draw.jpeg,✏️
september,P1,English,x-ray,A1,,🩻
september,P1,Go Get Maths,bottle,A1,,🍼
september,P1,Science,label,A1,assets/P1/label.jpeg,🏷️
september,P1,English,yak,A1,,🐃
september,P1,Go Get Maths,necklace,A1,,📿
september,P1,Science,outside,A1,,🌳
september,P1,English,zebra,A1,assets/P1/zebra.jpeg,🦓
september,P1,Go Get Maths,cat,A1,assets/P1/cat.jpeg,🐱
september,P1,Science,inside,A1,assets/P1/inside.jpeg,
september,P1,English,ant,A1,,🐜
september,P1,Go Get Maths,basket,A1,,🧺
september,P1,Science,body part,A1,,🧍
september,P1,Go Get Maths,pumpkin,A1,,🎃
september,P1,Science,check,A1,,✅
september,P1,English,den,A1,,
september,P1,Go Get Maths,shade,A1,,🌂
september,P1,Science,yes,A1,,✅
september,P1,English,dice,A1,,🎲
september,P1,Go Get Maths,tick,A1,,✔️
september,P1,Science,no,A1,,❌
september,P1,English,avocado,A1,,🥑
september,P2,,ball,A2,,⚽
september,P2,,run,A2,,🏃
september,P2,,hurdle race,A2,,🏃
september,P2,,javelin throw,A2,,🥇
september,P2,,play,A2,assets/P2/play.jpeg,🎮
september,P2,,swim,A2,,🏊
september,P2,,team,A2,,👥
september,P2,,slope,A2,,📐
september,P2,,sack race,A2,,🏃
september,P2,,long jump,A2,,🤸
september,P2,,hoop,A2,,🏀
september,P2,,tunnel,A2,,🚇
september,P2,,climb,A2,,🧗
september,P2,,net,A2,,🥅
september,P2,,balance,A2,,⚖️
september,P2,,bar,A2,,📊
september,P2,,hop,A2,,🦘
september,P2,,first,A2,,1️⃣
september,P2,,sport,A2,,🏅
september,P2,,feel,A2,,🤲
september,P2,,throw,A2,,🤾
september,P2,,win,A2,,🏆
september,P2,,turtle,A2,,🐢
september,P2,,drink,A2,,🥤
september,P2,,bicycle,A2,,🚲
september,P2,,football,A2,,⚽
september,P2,,log,A2,,🪵
september,P2,,water park,A2,,🏊
september,P2,,block,A2,,🧱
september,P2,,marble,A2,,🔮
september,P2,,outside,A2,,🌳
september,P2,,twenty-first,A2,,2️⃣1️⃣
september,P2,,twenty-second,A2,,2️⃣2️⃣
september,P2,,twenty-third,A2,,2️⃣3️⃣
september,P2,,twenty-fourth,A2,,2️⃣4️⃣
september,P2,,twenty- fifth,A2,,2️⃣5️⃣
september,P2,,twenty-sixth,A2,,2️⃣6️⃣
september,P2,,twenty-seventh,A2,,2️⃣7️⃣
september,P2,,twenty- eight,A2,,2️⃣8️⃣
september,P2,,twenty- ninth,A2,,2️⃣9️⃣
september,P2,,thirtieth,A2,,3️⃣0️⃣
september,P2,,surf,A2,,🏄
september,P2,,storm,A2,,⛈️
september,P2,,mud,A2,,🟤
september,P2,,certificate,A2,,📜
september,P2,,purple,A2,,🟣
september,P2,,yawn,A2,,🥱
september,P2,,score,A2,,🎯
september,P2,,draw,A2,,✏️
september,P2,,crawl,A2,,🧎
september,P3,,okra,A2,,🫑
september,P3,,avocado,A2,,🥑
september,P3,,banana,A2,,🍌
september,P3,,basket,A2,,🧺
september,P3,,boat,A2,,⛵
september,P3,,book cover,A2,,📕
september,P3,,carrot,A2,,🥕
september,P3,,carrot soup,A2,,🥕
september,P3,,chilli pepper,A2,,🌶️
september,P3,,coconut,A2,,🥥
september,P3,,cranberry,A2,,🫐
september,P3,,cucumber,A2,,🥒
september,P3,,curved,A2,,〰️
september,P3,,drink,A2,,🥤
september,P3,,elephant,A2,,🐘
september,P3,,feet,A2,,🦶
september,P3,,floating market,A2,,🛶
september,P3,,flower,A2,,🌸
september,P3,,fruit salad,A2,,🥗
september,P3,,fruits,A2,,
september,P3,,giant,A2,,🗿
september,P3,,grape,A2,,🍇
september,P3,,green bean,A2,,🫛
september,P3,,juice,A2,,🧃
september,P3,,kiwi,A2,,🥝
september,P3,,lemon,A2,,🍋
september,P3,,mango,A2,,🥭
september,P3,,market,A2,,🏪
september,P3,,market seller,A2,,🧑‍🌾
september,P3,,market stall,A2,,🏪
september,P3,,money,A2,,💰
september,P3,,onion,A2,,🧅
september,P3,,orchid,A2,,🌸
september,P3,,peel,A2,,🍌
september,P3,,pot,A2,,🍲
september,P3,,potato,A2,,🥔
september,P3,,pumpkin,A2,,🎃
september,P3,,radish,A2,,🥕
september,P3,,rice,A2,,🍚
september,P3,,rice bun,A2,,🍙
september,P3,,roast turkey,A2,,🦃
september,P3,,round,A2,,⭕
september,P3,,smoothie,A2,,🥤
september,P3,,soap,A2,,🧼
september,P3,,strawberry,A2,,🍓
september,P3,,strip book,A2,,📓
september,P3,,tomato,A2,,🍅
september,P3,,watermelon,A2,,🍉
september,P3,,wood,A2,,🪵
september,P3,,world,A2,,🌍
september,P4,,dusty,A2,,🌫️
september,P4,,flaming ball,A2,,☄️
september,P4,,planet,A2,,🪐
september,P4,,solar system,A2,,🪐
september,P4,,energy,A2,,⚡
september,P4,,space,A2,,🌌
september,P4,,explorer,A2,,
september,P4,,space station,A2,,🛰️
september,P4,,orbit,A2,,🪐
september,P4,,space probe,A2,,🛰️
september,P4,,lunar module,A2,,🛸
september,P4,,medical emergency,A2,,🚨
september,P4,,shiny,A2,,✨
september,P4,,full moon,A2,,🌕
september,P4,,hotel,A2,,
september,P4,,museum,A2,,🏛️
september,P4,,badge,A2,,
september,P4,,equipment,A2,,
september,P4,,telescope,A2,,🔭
september,P4,,solar panel,A2,,🔆
september,P4,,laboratory,A2,,🔬
september,P4,,spacesuit,A2,,
september,P4,,sleeping bag,A2,,🛌
september,P4,,knee-deep,A2,,🦵
september,P4,,prop,A2,,🎬
september,P4,,spin,A2,,🌀
september,P4,,center,A2,,🎯
september,P4,,gas,A2,,💨
september,P4,,sunlight,A2,,☀️
september,P4,,crescent moon,A2,,🌙
september,P4,,rocket,A2,,🚀
september,P4,,camera,A2,,📷
september,P4,,photos,A2,,📷
september,P4,,helmet,A2,,⛑️
september,P4,,radio,A2,,📻
september,P4,,glove,A2,,🧤
september,P4,,boot,A2,,🥾
september,P4,,backpack,A2,,
september,P4,,ill,A2,,🤒
september,P4,,train,A2,,🚂
september,P4,,protect,A2,,🛡️
september,P4,,sponge,A2,,🧽
september,P4,,cloth,A2,,🧵
september,P4,,spacewalk,A2,,👨‍🚀
september,P4,,thief,A2,,🥷
september,P4,,quay,A2,,⚓
september,P4,,fork of tree,A2,,🌳
september,P4,,squall,A2,,🌪️
september,P4,,squeak,A2,,🐭
september,P4,,poet,A2,,✍️
september,P5,,rescue,B1,,🛟
september,P5,,film,B1,,🎬
september,P5,,puppet show,B1,,🎭
september,P5,,audio book,B1,,🎧
september,P5,,shine,B1,,✨
september,P5,,practice,B1,,📝
september,P5,,dream,B1,,💭
september,P5,,twinkle,B1,,✨
september,P5,,float,B1,,🏊
september,P5,,crease,B1,,📄
september,P5,,cancel,B1,,❌
september,P5,,thirsty,B1,,🥤
september,P5,,hole,B1,,🕳️
september,P5,,sew,B1,,🪡
september,P5,,fierce,B1,,🐯
september,P5,,scratch,B1,,✏️
september,P5,,escape,B1,,🏃
september,P5,,librarian,B1,,📚
september,P5,,tragic,B1,,😭
september,P5,,journey,B1,,🧳
september,P5,,overcome,B1,,💪
september,P5,,search,B1,,🔍
september,P5,,animation,B1,,🎬
september,P5,,character,B1,,🎭
september,P5,,recommend,B1,,👍
september,P5,,skills,B1,,🛠️
september,P5,,launch,B1,,🚀
september,P5,,technique,B1,,🛠️
september,P5,,titans,B1,,⚡
september,P5,,cyclopes,B1,,
september,P5,,war,B1,,⚔️
september,P5,,sandals,B1,,
september,P5,,valley,B1,,🏞️
september,P5,,jail,B1,,🔒
september,P5,,army,B1,,🎖️
september,P5,,wing,B1,,🪽
september,P5,,trunks,B1,,🩳
september,P5,,enormous,B1,,🐘
september,P5,,helmet,B1,,⛑️
september,P5,,thunderbolt,B1,,⚡
september,P5,,flow,B1,,🌊
september,P5,,solution,B1,,💡
september,P5,,meaning,B1,,💬
september,P5,,rebellion,B1,,✊
september,P5,,relate,B1,,🔗
september,P5,,background,B1,,🖼️
september,P5,,greek god,B1,,🏛️
september,P5,,sketch,B1,,✏️
september,P5,,retell,B1,,🗣️
september,P5,,feedback,B1,,💬
september,P6,,superhero,B1,,🦸
september,P6,,professional,B1,,💼
september,P6,,scientist,B1,,🔬
september,P6,,microscope,B1,,🔬
september,P6,,amphibian,B1,,🐸
september,P6,,insect,B1,,🐛
september,P6,,reptile,B1,,🦎
september,P6,,mammal,B1,,🐘
september,P6,,taxonomy,B1,,🌳
september,P6,,leash,B1,,🦮
september,P6,,stroll,B1,,🚶
september,P6,,application,B1,,📱
september,P6,,young,B1,,🐣
september,P6,,litter,B1,,🗑️
september,P6,,fundraiser,B1,,💝
september,P6,,website,B1,,🌐
september,P6,,urgent,B1,,🚨
september,P6,,holiday,B1,,🏖️
september,P6,,festival,B1,,🎉
september,P6,,imagination,B1,,💭
september,P6,,rubbish,B1,,🗑️
september,P6,,kindness,B1,,💝
september,P6,,love,B1,,❤️
september,P6,,recycler,B1,,♻️
september,P6,,element,B1,,⚛️
september,P6,,disappear,B1,,💨
september,P6,,opposite,B1,,↔️
september,P6,,experience,B1,,🎓
september,P6,,special,B1,,🌟
september,P6,,indoor,B1,,🏠
september,P6,,aviation,B1,,✈️
september,P6,,vertebrate,B1,,
september,P6,,invertebrate,B1,,
september,P6,,colony,B1,,🐜
september,P6,,sharp,B1,,🔪
september,P6,,claw,B1,,🐾
september,P6,,wing,B1,,🪽
september,P6,,scale,B1,,⚖️
september,P6,,emperor,B1,,🤴
september,P6,,palace,B1,,🏰
september,P6,,temple,B1,,🛕
september,P6,,lucky,B1,,🍀
september,P6,,shelter,B1,,🏠
september,P6,,tentacle,B1,,🐙
september,P6,,poem,B1,,📜
september,P6,,verse,B1,,📜
september,P6,,rhyme,B1,,🎵
september,P6,,quantifier,B1,,🔢
september,P6,,peace,B1,,☮️
september,P6,,difficulty,B1,,🧗
october,K1,,mittens,Pre-A1,assets/K1/mittens.jpeg,🧤
october,K1,,morning,Pre-A1,,
october,K1,,numbers,Pre-A1,,🔢
october,K1,,octopus,Pre-A1,,
october,K1,,origami,Pre-A1,,
october,K1,,ostrich,Pre-A1,,
october,K1,,pattern,Pre-A1,,🔶
october,K1,,peacock,Pre-A1,,
october,K1,,perfect,Pre-A1,,
october,K1,,picture,Pre-A1,assets/K1/picture.jpeg,🖼️
october,K1,,project,Pre-A1,,📊
october,K1,,sticker,Pre-A1,,🌟
october,K1,,stretch,Pre-A1,,🧘
october,K1,,teacher,Pre-A1,assets/K1/teacher.jpeg,👩‍🏫
october,K1,,thicker,Pre-A1,,
october,K1,,thinner,Pre-A1,,
october,K1,,thirsty,Pre-A1,,
october,K1,,vehicle,Pre-A1,,🚗
october,K1,,weather,Pre-A1,,
october,K1,,weekend,Pre-A1,,
october,K1,,welcome,Pre-A1,assets/K1/welcome.jpeg,🤗
october,K1,,whisper,Pre-A1,,
october,K1,,whistle,Pre-A1,,
october,K1,,bathroom,Pre-A1,,
october,K1,,birthday,Pre-A1,,🎂
october,K1,,computer,Pre-A1,assets/K1/computer.jpeg,💻
october,K1,,elephant,Pre-A1,assets/K1/elephant.jpeg,🐘
october,K1,,envelope,Pre-A1,assets/K1/envelope.jpeg,✉️
october,K1,,friendly,Pre-A1,,
october,K1,,kangaroo,Pre-A1,,
october,K1,,mountain,Pre-A1,,⛰️
october,K1,,question,Pre-A1,,❓
october,K1,,remember,Pre-A1,,
october,K1,,sandwich,Pre-A1,,
october,K1,,scissors,Pre-A1,,✂️
october,K1,,thickest,Pre-A1,,
october,K1,,thinnest,Pre-A1,,
october,K1,,tomorrow,Pre-A1,,
october,K1,,triangle,Pre-A1,,🔺
october,K1,,umbrella,Pre-A1,,
october,K1,,afternoon,Pre-A1,,
october,K1,,alphabets,Pre-A1,assets/K1/alphabets.jpeg,
october,K1,,beautiful,Pre-A1,,
october,K1,,breakfast,Pre-A1,,
october,K1,,butterfly,Pre-A1,,🦋
october,K1,,chocolate,Pre-A1,,
october,K1,,classroom,Pre-A1,assets/K1/classroom.jpeg,🏫
october,K1,,crocodile,Pre-A1,,🐊
october,K1,,dragonfly,Pre-A1,,
october,K1,,fantastic,Pre-A1,,
october,K2,,clothes,Pre-A1,,
october,K2,,coconut,Pre-A1,,🥥
october,K2,,cookies,Pre-A1,,
october,K2,,crunchy,Pre-A1,,
october,K2,,dolphin,Pre-A1,assets/K2/dolphin.jpeg,🐬
october,K2,,feather,Pre-A1,assets/K2/feather.jpeg,🪶
october,K2,,glitter,Pre-A1,assets/K2/glitter.jpeg,✨
october,K2,,grandma,Pre-A1,assets/K2/grandma.jpeg,👵
october,K2,,grandpa,Pre-A1,assets/K2/grandpa.jpeg,👴
october,K2,,lettuce,Pre-A1,,
october,K2,,mittens,Pre-A1,,🧤
october,K2,,pajamas,Pre-A1,,
october,K2,,pasture,Pre-A1,,
october,K2,,penguin,Pre-A1,assets/K2/penguin.jpeg,🐧
october,K2,,perfume,Pre-A1,,
october,K2,,picture,Pre-A1,assets/K2/picture.jpeg,🖼️
october,K2,,popcorn,Pre-A1,,
october,K2,,quickly,Pre-A1,assets/K2/quickly.jpeg,💨
october,K2,,rainbow,Pre-A1,,🌈
october,K2,,rooster,Pre-A1,,
october,K2,,sandals,Pre-A1,,
october,K2,,sandbox,Pre-A1,assets/K2/sandbox.jpeg,🏖️
october,K2,,sixteen,Pre-A1,,1️⃣6️⃣
october,K2,,sweater,Pre-A1,,🧶
october,K2,,thirsty,Pre-A1,assets/K2/thirsty.jpeg,🥤
october,K2,,tractor,Pre-A1,,
october,K2,,Tuesday,Pre-A1,,📅
october,K2,,tumbler,Pre-A1,,
october,K2,,uniform,Pre-A1,,
october,K2,,vanilla,Pre-A1,,
october,K2,,whisper,Pre-A1,,
october,K2,,birthday,Pre-A1,assets/K2/birthday.jpeg,🎂
october,K2,,cinnamon,Pre-A1,,
october,K2,,cucumber,Pre-A1,,🥒
october,K2,,earmuffs,Pre-A1,,
october,K2,,eighteen,Pre-A1,,1️⃣8️⃣
october,K2,,elephant,Pre-A1,assets/K2/elephant.jpeg,🐘
october,K2,,leggings,Pre-A1,,
october,K2,,nineteen,Pre-A1,,1️⃣9️⃣
october,K2,,potatoes,Pre-A1,,
october,K2,,pumpkins,Pre-A1,,
october,K2,,raincoat,Pre-A1,,🧥
october,K2,,sandwich,Pre-A1,assets/K2/sandwich.jpeg,🥪
october,K2,,Saturday,Pre-A1,,📅
october,K2,,seedling,Pre-A1,,
october,K2,,shoelace,Pre-A1,,👟
october,K2,,slippers,Pre-A1,,
october,K2,,slippery,Pre-A1,,
october,K2,,sneakers,Pre-A1,,
october,K2,,surprise,Pre-A1,assets/K2/surprise.jpeg,😲
october,K3,,curly hair,A2,,
october,K3,,fire truck,A2,,
october,K3,,police cap,A2,,
october,K3,,police car,A2,,
october,K3,,teddy bear,A2,,🧸
october,K3,,twenty one,A2,,2️⃣1️⃣
october,K3,,twenty six,A2,,2️⃣6️⃣
october,K3,,twenty two,A2,,2️⃣2️⃣
october,K3,,ballet shoe,A2,,
october,K3,,coffee shop,A2,,☕
october,K3,,living room,A2,assets/K3/living_room.jpeg,🛋️
october,K3,,soccer ball,A2,,
october,K3,,street sign,A2,,🪧
october,K3,,taxi driver,A2,,
october,K3,,twenty five,A2,,2️⃣5️⃣
october,K3,,twenty four,A2,,2️⃣4️⃣
october,K3,,twenty nine,A2,,2️⃣9️⃣
october,K3,,water slide,A2,,🛝
october,K3,,white board,A2,,
october,K3,,baseball bat,A2,,
october,K3,,fire station,A2,,
october,K3,,medical mask,A2,,
october,K3,,roller skate,A2,,
october,K3,,table tennis,A2,,
october,K3,,twenty eight,A2,,2️⃣8️⃣
october,K3,,twenty seven,A2,,2️⃣7️⃣
october,K3,,twenty three,A2,,2️⃣3️⃣
october,K3,,birthday cake,A2,assets/K3/birthday_cake.jpeg,🎂
october,K3,,computer room,A2,assets/K3/computer_room.jpeg,💻
october,K3,,shopping cart,A2,,
october,K3,,swimming pool,A2,,🏊
october,K3,,traffic light,A2,,🚦
october,K3,,treasure hunt,A2,assets/K3/treasure_hunt.jpeg,🗺️
october,K3,,measuring tape,A2,,
october,K3,,police officer,A2,,👮
october,K3,,police station,A2,,
october,K3,,steering wheel,A2,,
october,K3,,wrapping paper,A2,assets/K3/wrapping_paper.jpeg,🎁
october,K3,,ten centimeters,A2,,
october,K3,,fifty centimeters,A2,,
october,K3,,forty centimeters,A2,,
october,K3,,sixty centimeters,A2,,
october,K3,,eighty centimeters,A2,,
october,K3,,ninety centimeters,A2,,
october,K3,,thirty centimeters,A2,,
october,K3,,twenty centimeters,A2,,
october,K3,,seventy centimeters,A2,,
october,K3,,first aid kit,A2,,
october,K3,,ice cream shop,A2,,🍦
october,K3,,one hundred centimeters,A2,,
october,P1,Go Get Maths,buy,A2,,
october,P1,Go Get Maths,pay,A2,,
october,P1,Go Get Maths,baht,A2,,
october,P1,Go Get Maths,cost,A2,,
october,P1,Go Get Maths,dice,A2,,🎲
october,P1,Go Get Maths,flip,A2,,
october,P1,Go Get Maths,most,A2,,
october,P1,Go Get Maths,sell,A2,,
october,P1,Go Get Maths,show,A2,,
october,P1,Go Get Maths,true,A2,,
october,P1,Go Get Maths,turn,A2,,
october,P1,Go Get Maths,array,A2,,
october,P1,Go Get Maths,cheap,A2,,
october,P1,Go Get Maths,false,A2,,
october,P1,Go Get Maths,guess,A2,assets/P1/guess.jpeg,🤔
october,P1,Go Get Maths,later,A2,,
october,P1,Go Get Maths,least,A2,,
october,P1,Go Get Maths,money,A2,,
october,P1,Go Get Maths,price,A2,,
october,P1,Go Get Maths,share,A2,,🤝
october,P1,Go Get Maths,slide,A2,assets/P1/slide.jpeg,🛝
october,P1,Go Get Maths,timer,A2,,
october,P1,Go Get Maths,worth,A2,,
october,P1,Go Get Maths,chance,A2,,
october,P1,Go Get Maths,divide,A2,,
october,P1,Go Get Maths,domino,A2,,
october,P1,Go Get Maths,likely,A2,,
october,P1,Go Get Maths,o'clock,A2,,
october,P1,Go Get Maths,reason,A2,,
october,P1,Go Get Maths,certain,A2,,
october,P1,Go Get Maths,counter,A2,,
october,P1,Go Get Maths,earlier,A2,,
october,P1,Go Get Maths,explain,A2,,
october,P1,Go Get Maths,popular,A2,,
october,P1,Go Get Maths,quarter,A2,,
october,P1,Go Get Maths,banknote,A2,,
october,P1,Go Get Maths,calendar,A2,,
october,P1,Go Get Maths,category,A2,,
october,P1,Go Get Maths,classify,A2,,
october,P1,Go Get Maths,counters,A2,,
october,P1,Go Get Maths,division,A2,,
october,P1,Go Get Maths,duration,A2,,
october,P1,Go Get Maths,fraction,A2,,
october,P1,Go Get Maths,unlikely,A2,,
october,P1,Go Get Maths,clockwise,A2,,
october,P1,Go Get Maths,expensive,A2,,
october,P1,Go Get Maths,incorrect,A2,,
october,P1,Go Get Maths,remainder,A2,,
october,P1,Go Get Maths,stopwatch,A2,,
october,P1,Go Get Maths,thirty-one,A2,,
october,P1,Science,gas,A2,,
october,P1,Science,ice,A2,,
october,P1,Science,map,A2,,
october,P1,Science,mix,A2,,
october,P1,Science,mud,A2,,
october,P1,Science,axle,A2,,
october,P1,Science,boil,A2,,
october,P1,Science,bulb,A2,,
october,P1,Science,east,A2,,
october,P1,Science,melt,A2,,
october,P1,Science,prey,A2,,
october,P1,Science,ramp,A2,,
october,P1,Science,west,A2,,
october,P1,Science,wire,A2,,
october,P1,Science,adult,A2,,
october,P1,Science,joint,A2,,
october,P1,Science,lever,A2,,
october,P1,Science,lungs,A2,,
october,P1,Science,north,A2,,
october,P1,Science,orbit,A2,,
october,P1,Science,plain,A2,,
october,P1,Science,pulse,A2,,
october,P1,Science,repel,A2,,
october,P1,Science,rigid,A2,,
october,P1,Science,slope,A2,,
october,P1,Science,snowy,A2,,
october,P1,Science,south,A2,,
october,P1,Science,steam,A2,,
october,P1,Science,virus,A2,,
october,P1,Science,wheel,A2,assets/P1/wheel.jpeg,🛞
october,P1,Science,young,A2,,
october,P1,Science,device,A2,,
october,P1,Science,freeze,A2,,
october,P1,Science,liquid,A2,,
october,P1,Science,opaque,A2,,
october,P1,Science,parent,A2,,
october,P1,Science,rotate,A2,,
october,P1,Science,stormy,A2,,
october,P1,Science,stream,A2,,
october,P1,Science,switch,A2,,🔌
october,P1,Science,battery,A2,assets/P1/battery.jpeg,🔋
october,P1,Science,brittle,A2,,
october,P1,Science,circuit,A2,,
october,P1,Science,gravity,A2,,
october,P1,Science,hygiene,A2,,
october,P1,Science,machine,A2,,
october,P1,Science,mixture,A2,,
october,P1,Science,protein,A2,,
october,P1,Science,texture,A2,,
october,P1,Science,bacteria,A2,,
october,P1,English,dry,A2,assets/P1/dry.jpeg,🏜️
october,P1,English,beef,A2,,
october,P1,English,bowl,A2,,
october,P1,English,care,A2,,
october,P1,English,chef,A2,,
october,P1,English,dead,A2,,
october,P1,English,deal,A2,,
october,P1,English,fear,A2,,
october,P1,English,feed,A2,,
october,P1,English,gift,A2,,
october,P1,English,goal,A2,,
october,P1,English,gold,A2,,
october,P1,English,golf,A2,,
october,P1,English,hall,A2,,
october,P1,English,heat,A2,,
october,P1,English,hero,A2,,
october,P1,English,hide,A2,assets/P1/hide.jpeg,🙈
october,P1,English,hill,A2,,
october,P1,English,hold,A2,,✊
october,P1,English,hole,A2,,
october,P1,English,hurt,A2,,
october,P1,English,item,A2,,
october,P1,English,jazz,A2,,
october,P1,English,joke,A2,,
october,P1,English,knee,A2,assets/P1/knee.jpeg,🦵
october,P1,English,lady,A2,,
october,P1,English,lake,A2,,
october,P1,English,lazy,A2,,
october,P1,English,lead,A2,,
october,P1,English,lend,A2,,
october,P1,English,link,A2,,
october,P1,English,lock,A2,,
october,P1,English,lost,A2,,
october,P1,English,loud,A2,,
october,P1,English,luck,A2,,
october,P1,English,mail,A2,,
october,P1,English,male,A2,,
october,P1,English,mark,A2,,
october,P1,English,mind,A2,,
october,P1,English,moon,A2,,🌙
october,P1,English,oven,A2,,
october,P1,English,pack,A2,,
october,P1,English,pain,A2,,
october,P1,English,pass,A2,,
october,P1,English,pick,A2,,
october,P1,English,pull,A2,,
october,P1,English,rate,A2,,
october,P1,English,ring,A2,assets/P1/ring.jpeg,💍
october,P1,English,rise,A2,,
october,P1,English,role,A2,,
october,P2,,measure,A2,assets/P2/measure.jpeg,📏
october,P2,,October,A2,,🗓️
october,P2,,organic,A2,,
october,P2,,outside,A2,,🌳
october,P2,,patient,A2,,
october,P2,,peacock,A2,,
october,P2,,picture,A2,,🖼️
october,P2,,plastic,A2,,
october,P2,,rainbow,A2,assets/P2/rainbow.jpeg,🌈
october,P2,,recycle,A2,,
october,P2,,routine,A2,assets/P2/routine.jpeg,🔁
october,P2,,rubbish,A2,,🗑️
october,P2,,science,A2,assets/P2/science.jpeg,🔬
october,P2,,seventy,A2,assets/P2/seventy.jpeg,7️⃣0️⃣
october,P2,,sixteen,A2,assets/P2/sixteen.jpeg,1️⃣6️⃣
october,P2,,teacher,A2,,👩‍🏫
october,P2,,thunder,A2,assets/P2/thunder.jpeg,⛈️
october,P2,,weather,A2,assets/P2/weather.jpeg,🌦️
october,P2,,whistle,A2,,
october,P2,,baseball,A2,,
october,P2,,birthday,A2,,🎂
october,P2,,carousel,A2,,
october,P2,,computer,A2,,💻
october,P2,,December,A2,,🗓️
october,P2,,dinosaur,A2,,🦕
october,P2,,eighteen,A2,assets/P2/eighteen.jpeg,1️⃣8️⃣
october,P2,,February,A2,,🗓️
october,P2,,football,A2,,⚽
october,P2,,fourteen,A2,assets/P2/fourteen.jpeg,1️⃣4️⃣
october,P2,,headache,A2,,
october,P2,,hospital,A2,,
october,P2,,ladybird,A2,assets/P2/ladybird.jpeg,🐞
october,P2,,medicine,A2,,💊
october,P2,,mountain,A2,assets/P2/mountain.jpeg,⛰️
october,P2,,nineteen,A2,assets/P2/nineteen.jpeg,1️⃣9️⃣
october,P2,,November,A2,,🗓️
october,P2,,password,A2,assets/P2/password.jpeg,🔑
october,P2,,pavement,A2,,
october,P2,,stretchy,A2,assets/P2/stretchy.jpeg,
october,P2,,thirteen,A2,assets/P2/thirteen.jpeg,1️⃣3️⃣
october,P2,,tomatoes,A2,,
october,P2,,umbrella,A2,assets/P2/umbrella.jpeg,☂️
october,P2,,breakfast,A2,assets/P2/breakfast.jpeg,🍳
october,P2,,butterfly,A2,assets/P2/butterfly.jpeg,🦋
october,P2,,centipede,A2,assets/P2/centipede.jpeg,🐛
october,P2,,crocodile,A2,,🐊
october,P2,,lifeguard,A2,assets/P2/lifeguard.jpeg,🛟
october,P2,,lightning,A2,assets/P2/lightning.jpeg,⚡
october,P2,,reception,A2,,
october,P2,,rectangle,A2,,▭
october,P3,,rice bun,B1,,🍙
october,P3,,blog page,B1,,
october,P3,,duck pond,B1,assets/P3/duck_pond.jpeg,🦆
october,P3,,foot ball,B1,,⚽
october,P3,,ice cream,B1,,🍦
october,P3,,party hat,B1,,🎉
october,P3,,turbo jet,B1,,
october,P3,,board game,B1,,
october,P3,,book cover,B1,,📕
october,P3,,bubble gum,B1,,
october,P3,,coral reef,B1,,
october,P3,,green bean,B1,,🫛
october,P3,,salt water,B1,assets/P3/salt_water.jpeg,🌊
october,P3,,strip book,B1,,📓
october,P3,,theme park,B1,assets/P3/theme_park.jpeg,🎢
october,P3,,water park,B1,assets/P3/water_park.jpeg,🏊
october,P3,,carrot soup,B1,,🥕
october,P3,,fresh water,B1,assets/P3/fresh_water.jpeg,💧
october,P3,,fruit salad,B1,,🥗
october,P3,,fruit stick,B1,,
october,P3,,paper plate,B1,,
october,P3,,smart phone,B1,,
october,P3,,spring roll,B1,,
october,P3,,water slide,B1,assets/P3/water_slide.jpeg,🛝
october,P3,,word puzzle,B1,assets/P3/word_puzzle.jpeg,🧩
october,P3,,camera stand,B1,,
october,P3,,market stall,B1,,🏪
october,P3,,roast turkey,B1,,🦃
october,P3,,skating rink,B1,assets/P3/skating_rink.jpeg,⛸️
october,P3,,sports field,B1,,🏟️
october,P3,,chilli pepper,B1,,🌶️
october,P3,,climbing wall,B1,assets/P3/climbing_wall.jpeg,🧗
october,P3,,computer game,B1,,
october,P3,,jigsaw puzzle,B1,assets/P3/jigsaw_puzzle.jpeg,🧩
october,P3,,market seller,B1,,🧑‍🌾
october,P3,,number puzzle,B1,assets/P3/number_puzzle.jpeg,🧩
october,P3,,question mark,B1,,
october,P3,,swimming pool,B1,assets/P3/swimming_pool.jpeg,🏊
october,P3,,ticket office,B1,assets/P3/ticket_office.jpeg,🎫
october,P3,,traffic light,B1,assets/P3/traffic_light.jpeg,🚦
october,P3,,picture puzzle,B1,assets/P3/picture_puzzle.jpeg,🧩
october,P3,,space explorer,B1,,👨‍🚀
october,P3,,aquarium tunnel,B1,assets/P3/aquarium_tunnel.jpeg,🐠
october,P3,,climbing centre,B1,assets/P3/climbing_centre.jpeg,🧗
october,P3,,floating market,B1,,🛶
october,P3,,skateboard park,B1,assets/P3/skateboard_park.jpeg,🛹
october,P3,,exclamation mark,B1,,
october,P3,,fire extinguisher,B1,,
october,P3,,swimming flippers,B1,,
october,P3,,hot air balloon,B1,,
october,P4,,pot,B1,,
october,P4,,win,B1,,
october,P4,,bake,B1,,
october,P4,,bell,B1,,
october,P4,,bend,B1,,
october,P4,,bite,B1,,
october,P4,,bury,B1,,
october,P4,,calm,B1,,
october,P4,,clue,B1,,
october,P4,,coal,B1,,
october,P4,,coin,B1,,
october,P4,,cool,B1,,
october,P4,,dirt,B1,,
october,P4,,drop,B1,,
october,P4,,drum,B1,,
october,P4,,dust,B1,,
october,P4,,duty,B1,,
october,P4,,edge,B1,,
october,P4,,face,B1,,
october,P4,,file,B1,,
october,P4,,fire,B1,,
october,P4,,flag,B1,,
october,P4,,flow,B1,,
october,P4,,folk,B1,,
october,P4,,fuel,B1,,
october,P4,,glad,B1,,
october,P4,,hang,B1,,
october,P4,,head,B1,,
october,P4,,hire,B1,,
october,P4,,host,B1,,
october,P4,,hunt,B1,,
october,P4,,iron,B1,,
october,P4,,keen,B1,,
october,P4,,kick,B1,,
october,P4,,kiss,B1,,
october,P4,,lack,B1,,
october,P4,,leaf,B1,,
october,P4,,loss,B1,,
october,P4,,mall,B1,,
october,P4,,mess,B1,,
october,P4,,mild,B1,,
october,P4,,mood,B1,,
october,P4,,move,B1,,
october,P4,,nail,B1,,
october,P4,,next,B1,,
october,P4,,pale,B1,,
october,P4,,path,B1,,
october,P4,,pipe,B1,,
october,P4,,plot,B1,,
october,P4,,poem,B1,,
october,P5,,paramedic,B1,,🚑
october,P5,,passenger,B1,,
october,P5,,pictogram,B1,assets/P5/pictogram.jpeg,📊
october,P5,,plantains,B1,,
october,P5,,pollution,B1,,
october,P5,,rebellion,B1,,✊
october,P5,,recommend,B1,,👍
october,P5,,religious,B1,assets/P5/religious.jpeg,
october,P5,,represent,B1,assets/P5/represent.jpeg,🪧
october,P5,,statement,B1,assets/P5/statement.jpeg,
october,P5,,technique,B1,,🛠️
october,P5,,transport,B1,,🚌
october,P5,,volunteer,B1,,🙋
october,P5,,background,B1,,🖼️
october,P5,,cartwheels,B1,,
october,P5,,collection,B1,assets/P5/collection.jpeg,📦
october,P5,,convenient,B1,,
october,P5,,disappoint,B1,assets/P5/disappoint.jpeg,😞
october,P5,,disconnect,B1,,
october,P5,,electronic,B1,,
october,P5,,experiment,B1,assets/P5/experiment.jpeg,🧪
october,P5,,lighthouse,B1,assets/P5/lighthouse.jpeg,🗼
october,P5,,locomotion,B1,assets/P5/locomotion.jpeg,
october,P5,,microphone,B1,,
october,P5,,nutritious,B1,,
october,P5,,percentage,B1,assets/P5/percentage.jpeg,％
october,P5,,skateboard,B1,assets/P5/skateboard.jpeg,🛹
october,P5,,underwater,B1,assets/P5/underwater.jpeg,🌊
october,P5,,vegetables,B1,,
october,P5,,comfortable,B1,,😌
october,P5,,differences,B1,assets/P5/differences.jpeg,
october,P5,,environment,B1,,
october,P5,,instruction,B1,assets/P5/instruction.jpeg,📋
october,P5,,performance,B1,assets/P5/performance.jpeg,🎭
october,P5,,temperature,B1,,🌡️
october,P5,,thunderbolt,B1,,⚡
october,P5,,organization,B1,assets/P5/organization.jpeg,🏢
october,P5,,presentation,B1,assets/P5/presentation.jpeg,📊
october,P5,,similarities,B1,,
october,P5,,carbohydrates,B1,,
october,P5,,international,B1,,
october,P5,,pronunciation,B1,assets/P5/pronunciation.jpeg,
october,P5,,out of,B1,assets/P5/out_of.jpeg,
october,P5,,greek god,B1,,🏛️
october,P5,,pie chart,B1,assets/P5/pie_chart.jpeg,🥧
october,P5,,audio book,B1,,🎧
october,P5,,large group,B1,assets/P5/large_group.jpeg,
october,P5,,puppet show,B1,,🎭
october,P5,,burial mound,B1,assets/P5/burial_mound.jpeg,⛰️
october,P5,,straight line,B1,assets/P5/straight_line.jpeg,➖
october,P6,,additional,B2,,
october,P6,,afterwards,B2,,
october,P6,,aggressive,B2,,
october,P6,,apparently,B2,,
october,P6,,artificial,B2,,
october,P6,,assessment,B2,,
october,P6,,associated,B2,,
october,P6,,commission,B2,,
october,P6,,commitment,B2,,
october,P6,,consistent,B2,,
october,P6,,constantly,B2,,
october,P6,,contribute,B2,,
october,P6,,decoration,B2,,
october,P6,,deliberate,B2,,
october,P6,,depressing,B2,,
october,P6,,discipline,B2,,
october,P6,,distribute,B2,,
october,P6,,enthusiasm,B2,,
october,P6,,historical,B2,,
october,P6,,illustrate,B2,,
october,P6,,importance,B2,,
october,P6,,impression,B2,,
october,P6,,impressive,B2,,
october,P6,,industrial,B2,,
october,P6,,initiative,B2,,
october,P6,,investment,B2,,
october,P6,,leadership,B2,,
october,P6,,management,B2,,
october,P6,,mysterious,B2,,
october,P6,,obligation,B2,,
october,P6,,opposition,B2,,
october,P6,,phenomenon,B2,,
october,P6,,philosophy,B2,,
october,P6,,popularity,B2,,
october,P6,,prediction,B2,,
october,P6,,production,B2,,
october,P6,,profession,B2,,
october,P6,,protection,B2,,
october,P6,,psychology,B2,,
october,P6,,punishment,B2,,
october,P6,,reasonable,B2,,
october,P6,,regulation,B2,,
october,P6,,relatively,B2,,
october,P6,,reputation,B2,,
october,P6,,revolution,B2,,
october,P6,,similarity,B2,,
october,P6,,specialist,B2,,
october,P6,,transition,B2,,
october,P6,,ultimately,B2,,
october,P6,,unexpected,B2,,
november,K1,,bush,Pre-A1,,
november,K1,,watering can,Pre-A1,,
november,K1,,button,Pre-A1,,🔘
november,K1,,leaf,Pre-A1,assets/K1/leaf.jpeg,🍃
november,K1,,rock,Pre-A1,,🪨
november,K1,,frame,Pre-A1,,
november,K1,,sand,Pre-A1,,
november,K1,,soil,Pre-A1,,🟫
november,K1,,river,Pre-A1,,🏞️
november,K1,,lake,Pre-A1,,🏞️
november,K1,,pond,Pre-A1,,
november,K1,,garden,Pre-A1,,🌷
november,K1,,park,Pre-A1,,🏞️
november,K1,,field,Pre-A1,,🌾
november,K1,,hill,Pre-A1,,
november,K1,,mountain,Pre-A1,,⛰️
november,K1,,sky,Pre-A1,,🌤️
november,K1,,line,Pre-A1,,
november,K1,,sun,Pre-A1,,☀️
november,K1,,rain,Pre-A1,,🌧️
november,K1,,slide,Pre-A1,,🛝
november,K1,,paper plane,Pre-A1,,
november,K1,,birthday,Pre-A1,,🎂
november,K1,,temple,Pre-A1,,🛕
november,K1,,see-saw,Pre-A1,,
november,K1,,shuttlecock,Pre-A1,,
november,K1,,soccer ball,Pre-A1,,
november,K1,,dragonfly,Pre-A1,,
november,K1,,origami,Pre-A1,,
november,K1,,monkey bar,Pre-A1,,🐒
november,K1,,ice cream,Pre-A1,,🍦
november,K1,,milk,Pre-A1,,🥛
november,K1,,money,Pre-A1,,💰
november,K1,,mouse,Pre-A1,,
november,K1,,pot,Pre-A1,,🍲
november,K1,,nut,Pre-A1,,
november,K1,,net,Pre-A1,,🥅
november,K1,,seed,Pre-A1,,🌱
november,K1,,ox,Pre-A1,,
november,K1,,ostrich,Pre-A1,,
november,K1,,olive,Pre-A1,,
november,K1,,letter m,Pre-A1,,
november,K1,,letter n,Pre-A1,,
november,K1,,letter o,Pre-A1,,
november,K1,,six,Pre-A1,,6️⃣
november,K1,,seven,Pre-A1,,7️⃣
november,K1,,playground,Pre-A1,,🛝
november,K1,,square,Pre-A1,,🟦
november,K1,,triangle,Pre-A1,,🔺
november,K1,,rectangle,Pre-A1,,▭
november,K2,,plant,Pre-A1,,🌱
november,K2,,pick,Pre-A1,,
november,K2,,wash,Pre-A1,,🧼
november,K2,,eat,Pre-A1,,🍽️
november,K2,,hole,Pre-A1,,🕳️
november,K2,,potatoes,Pre-A1,,
november,K2,,beans,Pre-A1,,
november,K2,,pumpkins,Pre-A1,,
november,K2,,soup,Pre-A1,,
november,K2,,cook,Pre-A1,,👨‍🍳
november,K2,,stir,Pre-A1,,🥄
november,K2,,chop,Pre-A1,,
november,K2,,bee,Pre-A1,,🐝
november,K2,,hive,Pre-A1,,
november,K2,,queen,Pre-A1,,👸
november,K2,,hopscotch,Pre-A1,,
november,K2,,seed,Pre-A1,,🌱
november,K2,,seedling,Pre-A1,,
november,K2,,sprout,Pre-A1,,🌱
november,K2,,leaf,Pre-A1,,🍃
november,K2,,stem,Pre-A1,,🌱
november,K2,,root,Pre-A1,,🌱
november,K2,,soil,Pre-A1,,🟫
november,K2,,vegetable,Pre-A1,,🥦
november,K2,,garden,Pre-A1,,🌷
november,K2,,trowel,Pre-A1,,
november,K2,,rake,Pre-A1,,
november,K2,,shovel,Pre-A1,,🪏
november,K2,,watering can,Pre-A1,,
november,K2,,wheelbarrow,Pre-A1,,
november,K2,,sunflower,Pre-A1,,🌻
november,K2,,lettuce,Pre-A1,,
november,K2,,cucumber,Pre-A1,,🥒
november,K2,,tomato,Pre-A1,,🍅
november,K2,,onion,Pre-A1,,🧅
november,K2,,garlic,Pre-A1,,
november,K2,,pepper,Pre-A1,,
november,K2,,carrot,Pre-A1,,🥕
november,K2,,strawberry,Pre-A1,,🍓
november,K2,,lunch,Pre-A1,,🍱
november,K2,,bunch,Pre-A1,,
november,K2,,chopping board,Pre-A1,,
november,K2,,knife,Pre-A1,,
november,K2,,flower pot,Pre-A1,,
november,K2,,pull,Pre-A1,,
november,K2,,mouse,Pre-A1,,
november,K2,,laddle,Pre-A1,,
november,K2,,faucet,Pre-A1,,
november,K2,,bowl,Pre-A1,,
november,K2,,water,Pre-A1,assets/K2/water.jpeg,💧
november,K3,,pair,A1,,
november,K3,,rope,A1,,
november,K3,,roller skate,A1,,
november,K3,,jump rope,A1,,
november,K3,,curly hair,A1,,
november,K3,,wheel,A1,,🛞
november,K3,,sandal,A1,,🩴
november,K3,,shoe,A1,,👟
november,K3,,field,A1,,🌾
november,K3,,scooter,A1,,
november,K3,,bicycle,A1,,🚲
november,K3,,finish,A1,,
november,K3,,ride,A1,,🚲
november,K3,,skate,A1,,⛸️
november,K3,,fly,A1,,🕊️
november,K3,,kite,A1,,🪁
november,K3,,windy,A1,,💨
november,K3,,fast,A1,,💨
november,K3,,think,A1,,🤔
november,K3,,cloud,A1,,☁️
november,K3,,sky,A1,,🌤️
november,K3,,watch,A1,,⌚
november,K3,,basketball,A1,,
november,K3,,soccer,A1,,
november,K3,,table tennis,A1,,
november,K3,,hit,A1,,
november,K3,,net,A1,,🥅
november,K3,,kick,A1,,🦵
november,K3,,throw,A1,,🤾
november,K3,,sport,A1,,🏅
november,K3,,radio,A1,,📻
november,K3,,paddle,A1,,
november,K3,,star,A1,assets/K3/star.jpeg,⭐
november,K3,,glove,A1,,🧤
november,K3,,baseball bat,A1,,
november,K3,,soccer ball,A1,,
november,K3,,volleyball,A1,,
november,K3,,bird,A1,,🐦
november,K3,,cactus,A1,,
november,K3,,dry,A1,,🏜️
november,K3,,teddy bear,A1,,🧸
november,K3,,line,A1,,
november,K3,,listen,A1,,👂
november,K3,,cut,A1,,
november,K3,,stick,A1,,🪵
november,K3,,look,A1,,👀
november,K3,,turn,A1,,🔄
november,K3,,read,A1,,📖
november,K3,,helmet,A1,,⛑️
november,K3,,knee pad,A1,,
november,P1,Go Get Maths,join,A1,,
november,P1,Science,sound,A1,,🔊
november,P1,English,whistle,A1,,
november,P1,Go Get Maths,remove,A1,,
november,P1,Science,loud,A1,,
november,P1,English,this,A1,,
november,P1,Go Get Maths,ice-cream,A1,,
november,P1,Science,faint,A1,,
november,P1,English,that,A1,,
november,P1,Go Get Maths,bread,A1,,🍞
november,P1,Science,noisy,A1,,
november,P1,English,tear,A1,,😢
november,P1,Go Get Maths,check,A1,,✅
november,P1,Science,quiet,A1,,🤫
november,P1,English,teeth,A1,assets/P1/teeth.jpeg,🦷
november,P1,Go Get Maths,find,A1,assets/P1/find.jpeg,🔍
november,P1,Science,music,A1,,🎵
november,P1,English,bath,A1,,🛁
november,P1,Go Get Maths,write,A1,assets/P1/write.jpeg,✍️
november,P1,Science,voice,A1,,
november,P1,English,think,A1,assets/P1/think.jpeg,🤔
november,P1,Go Get Maths,draw,A1,assets/P1/draw.jpeg,✏️
november,P1,Science,silence,A1,,
november,P1,English,queen,A1,,👸
november,P1,Go Get Maths,comb,A1,,
november,P1,Science,ring,A1,assets/P1/ring.jpeg,💍
november,P1,English,king,A1,,🤴
november,P1,Go Get Maths,group,A1,assets/P1/group.jpeg,
november,P1,Science,thunder,A1,,⛈️
november,P1,English,quilt,A1,,🛏️
november,P1,Go Get Maths,pair,A1,,
november,P1,Science,drum,A1,assets/P1/drum.jpeg,🥁
november,P1,English,sock,A1,,🧦
november,P1,Go Get Maths,spanner,A1,,
november,P1,Science,bell,A1,,
november,P1,English,towel,A1,,🧻
november,P1,Go Get Maths,frame,A1,,
november,P1,Science,clap,A1,,👏
november,P1,English,sunglasses,A1,,🕶️
november,P1,Go Get Maths,carton,A1,,
november,P1,Science,tap,A1,,
november,P1,English,surf board,A1,,
november,P1,Go Get Maths,row,A1,,🚣
november,P1,Science|English,blow,A1,,
november,P1,English,sand,A1,,
november,P1,Go Get Maths,column,A1,,🏛️
november,P1,Science,vibrate,A1,,
november,P1,English,suncream,A1,,
november,P1,Go Get Maths,step,A1,,
november,P1,Science,vibration,A1,,
november,P1,English,waves,A1,,
november,P1,Go Get Maths,jump,A1,assets/P1/jump.jpeg,🦘
november,P1,Science,shake,A1,,🤝
november,P1,English,eleven,A1,,1️⃣1️⃣
november,P1,Go Get Maths,ladder,A1,,
november,P1,Science,honk,A1,,
november,P1,English,twelve,A1,,1️⃣2️⃣
november,P1,Go Get Maths,stamp,A1,assets/P1/stamp.jpeg,📮
november,P1,Science,sing,A1,,🎤
november,P1,English,thirteen,A1,,1️⃣3️⃣
november,P1,Go Get Maths,matchstick,A1,,
november,P1,Science,travel,A1,,🧳
november,P1,English,fourteen,A1,,1️⃣4️⃣
november,P1,Go Get Maths,ant,A1,,🐜
november,P1,Science,direction,A1,,
november,P1,English,fifteen,A1,,1️⃣5️⃣
november,P1,Go Get Maths,guitar,A1,assets/P1/guitar.jpeg,🎸
november,P1,Science,catch,A1,,🤾
november,P1,English,sixteen,A1,,1️⃣6️⃣
november,P1,Go Get Maths,surround,A1,,
november,P1,Science,distance,A1,,
november,P1,English,seventeen,A1,,1️⃣7️⃣
november,P1,Go Get Maths,sofa,A1,,🛋️
november,P1,Science,near,A1,,
november,P1,English,eighteen,A1,,1️⃣8️⃣
november,P1,Go Get Maths,taller,A1,,
november,P1,Science,far,A1,,
november,P1,English,nineteen,A1,,1️⃣9️⃣
november,P1,Go Get Maths,tallest,A1,,
november,P1,Science,echo,A1,,
november,P1,English,twenty,A1,,2️⃣0️⃣
november,P1,Go Get Maths,shortest,A1,,
november,P1,Science,wave,A1,,
november,P1,English|Science,string,A1,,
november,P1,Go Get Maths,longest,A1,,
november,P1,Science,telephone,A1,,☎️
november,P1,English,food container,A1,,
november,P1,Go Get Maths,length,A1,,
november,P1,English,pipe,A1,,
november,P1,Go Get Maths,height,A1,,
november,P1,Science,car,A1,assets/P1/car.jpeg,🚗
november,P1,English,tube,A1,,
november,P1,Go Get Maths,tall,A1,assets/P1/tall.jpeg,📏
november,P1,Science,rain,A1,,🌧️
november,P1,English,stir,A1,,🥄
november,P1,Go Get Maths,short,A1,assets/P1/short.jpeg,📏
november,P1,Science,bark,A1,,
november,P1,Go Get Maths,long,A1,assets/P1/long.jpeg,
november,P1,Science,meow,A1,,
november,P1,English|Science,splash,A1,,💦
november,P1,Go Get Maths,wide,A1,,
november,P1,Science,chirp,A1,,
november,P1,English,float,A1,,🏊
november,P1,Go Get Maths,narrow,A1,,
november,P1,Science,whispher,A1,,
november,P1,English,pour,A1,,🫗
november,P1,Go Get Maths,line,A1,,
november,P1,Science,shout,A1,,
november,P1,English,sink,A1,,🚰
november,P1,Go Get Maths,gap,A1,,
november,P1,English,bubble,A1,,
november,P1,Go Get Maths,meter,A1,,
november,P1,Science,knock,A1,,✊
november,P1,English,hat,A1,assets/P1/hat.jpeg,🎩
november,P1,Go Get Maths,centimeter,A1,,📏
november,P1,Science,notice,A1,,
november,P1,English,box,A1,assets/P1/box.jpeg,📦
november,P1,Go Get Maths,ruler,A1,assets/P1/ruler.jpeg,📏
november,P1,Science,investigate,A1,,
november,P1,English,ping-pong,A1,,
november,P1,Go Get Maths,desk,A1,,🪑
november,P1,Science,classify,A1,,
november,P1,English,question mark,A1,,
november,P1,Go Get Maths,chair,A1,assets/P1/chair.jpeg,🪑
november,P1,Science,predict,A1,,
november,P1,English,coffee,A1,,
november,P1,Go Get Maths,window,A1,assets/P1/window.jpeg,🪟
november,P1,Science,result,A1,,
november,P1,English,hippo,A1,,
november,P1,Go Get Maths,crayon,A1,,🖍️
november,P1,Science,cup,A1,,☕
november,P1,English,left,A1,assets/P1/left.jpeg,
november,P1,Go Get Maths,eraser,A1,assets/P1/eraser.jpeg,🧽
november,P1,Science,energy,A1,,⚡
november,P1,English,right,A1,assets/P1/right.jpeg,
november,P1,Go Get Maths,straw,A1,,🥤
november,P1,Science,locate,A1,,📍
november,P1,English,land,A1,,🏞️
november,P1,Go Get Maths,measure,A1,assets/P1/measure.jpeg,📏
november,P1,Science,talk,A1,,🗣️
november,P1,English,soup,A1,,
november,P1,Go Get Maths,longer,A1,,
november,P1,Science,sense,A1,,
november,P1,English,sandwich,A1,,🥪
november,P1,Go Get Maths,shorter,A1,,
november,P1,Science,rhythm,A1,,
november,P1,English,hamburger,A1,assets/P1/hamburger.jpeg,🍔
november,P2,,glass,A2,,🥛
november,P2,,organic,A2,,
november,P2,,metal,A2,,
november,P2,,plastic,A2,,
november,P2,,cloth,A2,,🧵
november,P2,,Planet,A2,,🪐
november,P2,,Earth,A2,,
november,P2,,recycle,A2,,
november,P2,,bin,A2,,
november,P2,,bottle,A2,,🍼
november,P2,,old,A2,,👴
november,P2,,rubbish,A2,,🗑️
november,P2,,jumper,A2,assets/P2/jumper.jpeg,🧥
november,P2,,jacket,A2,,🧥
november,P2,,shoes,A2,,👟
november,P2,,egg,A2,,🥚
november,P2,,bag,A2,,🎒
november,P2,,waste,A2,,
november,P2,,transport,A2,,🚌
november,P2,,water,A2,,💧
november,P2,,animal,A2,,
november,P2,,plant,A2,,🌱
november,P2,,party,A2,,🎉
november,P2,,think,A2,,🤔
november,P2,,pot,A2,,🍲
november,P2,,hotel,A2,,
november,P2,,chicken,A2,,🐔
november,P2,,pet,A2,,🐶
november,P2,,week,A2,,
november,P2,,bird,A2,,🐦
november,P2,,month,A2,,
november,P2,,year,A2,,📅
november,P2,,twelve,A2,assets/P2/twelve.jpeg,1️⃣2️⃣
november,P2,,January,A2,,🗓️
november,P2,,February,A2,,🗓️
november,P2,,March,A2,,🗓️
november,P2,,April,A2,,🗓️
november,P2,,May,A2,,🗓️
november,P2,,June,A2,,🗓️
november,P2,,July,A2,,🗓️
november,P2,,August,A2,,🗓️
november,P2,,September,A2,,🗓️
november,P2,,October,A2,,🗓️
november,P2,,November,A2,,🗓️
november,P2,,December,A2,,🗓️
november,P2,,ocean,A2,,
november,P2,,teacher,A2,,👩‍🏫
november,P2,,day,A2,,
november,P2,,tidy,A2,,🧹
november,P2,,ground,A2,,🟫
november,P3,,painter,A2,,
november,P3,,singer,A2,,
november,P3,,runner,A2,,
november,P3,,race,A2,,🏁
november,P3,,paint,A2,,🎨
november,P3,,television,A2,,📺
november,P3,,smart phone,A2,,
november,P3,,tablet,A2,,
november,P3,,spacesuit,A2,,
november,P3,,artist,A2,,
november,P3,,architect,A2,,📐
november,P3,,telescope,A2,,🔭
november,P3,,microphone,A2,,
november,P3,,swimming flippers,A2,,
november,P3,,turbo jet,A2,,
november,P3,,leader,A2,,🧑‍💼
november,P3,,designer,A2,,
november,P3,,space explorer,A2,,👨‍🚀
november,P3,,passenger,A2,,
november,P3,,airplane,A2,,
november,P3,,headset,A2,,
november,P3,,builder,A2,,👷
november,P3,,hotel,A2,,
november,P3,,tile,A2,,
november,P3,,stone,A2,,🪨
november,P3,,moon,A2,,🌙
november,P3,,braile,A2,,
november,P3,,firework,A2,,
november,P3,,planet,A2,,🪐
november,P3,,treehouse,A2,,
november,P3,,birthday,A2,,🎂
november,P3,,calendar,A2,,
november,P3,,breakfast,A2,,🍳
november,P3,,nurse,A2,,👩‍⚕️
november,P3,,athlete,A2,,🏃
november,P3,,teacher,A2,,👩‍🏫
november,P3,,flag,A2,,🚩
november,P3,,paintbrush,A2,,
november,P3,,pencil,A2,,✏️
november,P3,,rocket,A2,,🚀
november,P3,,medal,A2,,
november,P3,,medicine,A2,,💊
november,P3,,factory,A2,,
november,P3,,soldier,A2,,
november,P3,,fire extinguisher,A2,,
november,P3,,plastic,A2,,
november,P3,,coin,A2,,
november,P3,,wheelchair,A2,,
november,P3,,swimsuit,A2,,
november,P3,,blind,A2,,
november,P4,,piano,A2,,
november,P4,,guitar,A2,,🎸
november,P4,,drums,A2,,
november,P4,,trumpet,A2,,
november,P4,,flute,A2,,🪈
november,P4,,saxophone,A2,,
november,P4,,tambourine,A2,,
november,P4,,triangle,A2,,🔺
november,P4,,brass band,A2,,
november,P4,,string quartet,A2,,
november,P4,,jazz band,A2,,
november,P4,,folk band,A2,,
november,P4,,singer,A2,,
november,P4,,songwriter,A2,,
november,P4,,teacher,A2,,👩‍🏫
november,P4,,perform,A2,,🎭
november,P4,,music festival,A2,,
november,P4,,concert,A2,,
november,P4,,stage,A2,,
november,P4,,audience,A2,,👥
november,P4,,ticket,A2,,
november,P4,,poster,A2,,📜
november,P4,,loud,A2,,
november,P4,,quiet,A2,,🤫
november,P4,,fast,A2,,💨
november,P4,,violin,A2,,
november,P4,,music room,A2,,
november,P4,,shorts,A2,,🩳
november,P4,,gong,A2,,
november,P4,,earphones,A2,,
november,P4,,choir,A2,,
november,P4,,lego brick,A2,,
november,P4,,hall,A2,,
november,P4,,rock music,A2,,
november,P4,,classical music,A2,,
november,P4,,dance,A2,,💃
november,P4,,magician,A2,,
november,P4,,chin,A2,,😀
november,P4,,bow,A2,,🎀
november,P4,,mouth,A2,,👄
november,P4,,hand,A2,,✋
november,P4,,walk,A2,,🚶
november,P4,,music stand,A2,,
november,P4,,write,A2,,✍️
november,P4,,video,A2,,
november,P4,,hot,A2,,🔥
november,P4,,long,A2,,
november,P4,,hard,A2,,🪨
november,P4,,song,A2,,
november,P4,,stone,A2,,🪨
november,P5,,breakfast,B1,,🍳
november,P5,,lunch,B1,,🍱
november,P5,,dinner,B1,,🍽️
november,P5,,snack,B1,,
november,P5,,meal,B1,,
november,P5,,wildlife,B1,,
november,P5,,reduce,B1,,
november,P5,,reuse,B1,,
november,P5,,recycle,B1,,
november,P5,,struggle,B1,,
november,P5,,pollution,B1,,
november,P5,,bottle,B1,,🍼
november,P5,,plate,B1,,🍽️
november,P5,,environment,B1,,
november,P5,,weather,B1,,🌦️
november,P5,,napkin,B1,,
november,P5,,vitamin,B1,,
november,P5,,exercise,B1,,🏃
november,P5,,medicine,B1,,💊
november,P5,,appetite,B1,,
november,P5,,chew,B1,,😋
november,P5,,taste,B1,,👅
november,P5,,swallow,B1,,
november,P5,,bake,B1,,🧁
november,P5,,boil,B1,,
november,P5,,fry,B1,,
november,P5,,pour,B1,,🫗
november,P5,,stir,B1,,🥄
november,P5,,slice,B1,,
november,P5,,mix,B1,,🥄
november,P5,,serve,B1,,
november,P5,,wash,B1,,🧼
november,P5,,stretch,B1,,🧘
november,P5,,breathe,B1,,
november,P5,,recover,B1,,
november,P5,,factory,B1,,
november,P5,,delicious,B1,,
november,P5,,climate,B1,,
november,P5,,protect,B1,,🛡️
november,P5,,volunteer,B1,,🙋
november,P5,,temperature,B1,,🌡️
november,P5,,organic,B1,,
november,P5,,chemical,B1,,
november,P5,,crunchy,B1,,
november,P5,,juicy,B1,,
november,P5,,traffic,B1,,🚦
november,P5,,nutritious,B1,,
november,P5,,waste,B1,,
november,P5,,rusty,B1,,
november,P5,,energetic,B1,,
november,P6,,climate,B1,,
november,P6,,weather,B1,,🌦️
november,P6,,flood,B1,,
november,P6,,winter,B1,,
november,P6,,expedition,B1,,
november,P6,,village,B1,,🏘️
november,P6,,sketch,B1,,✏️
november,P6,,animal,B1,,
november,P6,,ravine,B1,,
november,P6,,meteor,B1,,
november,P6,,volcano,B1,,
november,P6,,galaxy,B1,,
november,P6,,coral,B1,,
november,P6,,polyp,B1,,
november,P6,,reef,B1,,
november,P6,,snail,B1,,🐌
november,P6,,crab,B1,,🦀
november,P6,,jellyfish,B1,,
november,P6,,lizard,B1,,
november,P6,,iguana,B1,,🦎
november,P6,,dragon,B1,,🐉
november,P6,,backbone,B1,,
november,P6,,fossil,B1,,
november,P6,,cavern,B1,,
november,P6,,telescope,B1,,🔭
november,P6,,conference,B1,,
november,P6,,mushroom,B1,,
november,P6,,fig,B1,,🍈
november,P6,,grasshopper,B1,,
november,P6,,fruit,B1,,🍓
november,P6,,glacier,B1,,
november,P6,,worm,B1,,
november,P6,,cricket,B1,,
november,P6,,shell,B1,,🐚
november,P6,,feather,B1,,🪶
november,P6,,pebble,B1,,
november,P6,,mammoth,B1,,
november,P6,,tail,B1,,🐕
november,P6,,habitat,B1,,
november,P6,,predator,B1,,
november,P6,,herbivore,B1,,
november,P6,,carnivore,B1,,
november,P6,,omnivore,B1,,
november,P6,,species,B1,,
november,P6,,environment,B1,,
november,P6,,ocean,B1,,
november,P6,,forest,B1,,
november,P6,,desert,B1,,🏜️
november,P6,,mountain,B1,,⛰️
november,P6,,river,B1,,🏞️
december,K1,,table,Pre-A1,,🪑
december,K1,,chair,Pre-A1,,🪑
december,K1,,toy box,Pre-A1,,
december,K1,,in,Pre-A1,,📥
december,K1,,square,Pre-A1,,🟦
december,K1,,triangle,Pre-A1,,🔺
december,K1,,star,Pre-A1,,⭐
december,K1,,eight,Pre-A1,,8️⃣
december,K1,,nine,Pre-A1,,9️⃣
december,K1,,plate,Pre-A1,,🍽️
december,K1,,lime,Pre-A1,,
december,K1,,help,Pre-A1,assets/K1/help.jpeg,🤝
december,K1,,clean up,Pre-A1,,
december,K1,,letter p,Pre-A1,,
december,K1,,letter q,Pre-A1,,
december,K1,,letter r,Pre-A1,,
december,K1,,quilt,Pre-A1,,🛏️
december,K1,,pattern,Pre-A1,,🔶
december,K1,,stick,Pre-A1,assets/K1/stick.jpeg,🪵
december,K1,,glue,Pre-A1,,🩹
december,K1,,cut,Pre-A1,,
december,K1,,scissors,Pre-A1,,✂️
december,K1,,shapes,Pre-A1,,
december,K1,,pass,Pre-A1,,
december,K1,,lego,Pre-A1,,
december,K1,,rabbit,Pre-A1,,🐰
december,K1,,classroom object,Pre-A1,,
december,K1,,furniture,Pre-A1,,
december,K1,,on,Pre-A1,,🔛
december,K1,,mat,Pre-A1,,
december,K1,,numbers,Pre-A1,,🔢
december,K1,,peach,Pre-A1,,
december,K1,,pen,Pre-A1,,🖊️
december,K1,,panda,Pre-A1,,
december,K1,,pineapple,Pre-A1,,
december,K1,,snack,Pre-A1,,
december,K1,,queen,Pre-A1,,👸
december,K1,,quiz,Pre-A1,,
december,K1,,question,Pre-A1,,❓
december,K1,,rose,Pre-A1,,🌹
december,K1,,rice,Pre-A1,,🍚
december,K1,,robot,Pre-A1,,🤖
december,K1,,thicker,Pre-A1,,
december,K1,,thickest,Pre-A1,,
december,K1,,thinner,Pre-A1,,
december,K1,,thinnest,Pre-A1,,
december,K1,,cupcake,Pre-A1,,🧁
december,K1,,more,Pre-A1,,
december,K1,,less,Pre-A1,,
december,K1,,wood,Pre-A1,,🪵
december,K2,,cow,Pre-A1,,🐄
december,K2,,horse,Pre-A1,,🐴
december,K2,,sheep,Pre-A1,,
december,K2,,goat,Pre-A1,,🐐
december,K2,,donkey,Pre-A1,,
december,K2,,chicken,Pre-A1,,🐔
december,K2,,funny,Pre-A1,,
december,K2,,grain,Pre-A1,,
december,K2,,farm,Pre-A1,,🚜
december,K2,,sixteen,Pre-A1,,1️⃣6️⃣
december,K2,,seventeen,Pre-A1,,1️⃣7️⃣
december,K2,,eighteen,Pre-A1,,1️⃣8️⃣
december,K2,,nineteen,Pre-A1,,1️⃣9️⃣
december,K2,,twenty,Pre-A1,,2️⃣0️⃣
december,K2,,barn,Pre-A1,,
december,K2,,stable,Pre-A1,,
december,K2,,hay,Pre-A1,,
december,K2,,tractor,Pre-A1,,
december,K2,,scarecrow,Pre-A1,,🎃
december,K2,,rooster,Pre-A1,,
december,K2,,hen,Pre-A1,,🐔
december,K2,,chick,Pre-A1,,🐤
december,K2,,calf,Pre-A1,,
december,K2,,lamb,Pre-A1,,
december,K2,,kid (baby goat),Pre-A1,,
december,K2,,flock,Pre-A1,,
december,K2,,gate,Pre-A1,,🚪
december,K2,,bucket,Pre-A1,,
december,K2,,wool,Pre-A1,,
december,K2,,horn,Pre-A1,,🐂
december,K2,,tail,Pre-A1,,🐕
december,K2,,beak,Pre-A1,,🐦
december,K2,,farmer,Pre-A1,,👨‍🌾
december,K2,,nest,Pre-A1,,🪹
december,K2,,ponny,Pre-A1,,
december,K2,,drink water,Pre-A1,,
december,K2,,fat,Pre-A1,,
december,K2,,thin,Pre-A1,,📏
december,K2,,pond,Pre-A1,,
december,K2,,hose,Pre-A1,,🚿
december,K2,,geese,Pre-A1,,
december,K2,,mud,Pre-A1,,🟤
december,K2,,big,Pre-A1,,🐘
december,K2,,small,Pre-A1,,🐜
december,K2,,pig,Pre-A1,,
december,K2,,pasture,Pre-A1,,
december,K2,,water lily,Pre-A1,,
december,K2,,coop,Pre-A1,,
december,K2,,hutch,Pre-A1,,
december,K2,,saddle,Pre-A1,,
december,K3,,elephant,A1,,🐘
december,K3,,giraffe,A1,,🦒
december,K3,,crocodile,A1,,🐊
december,K3,,monkey,A1,,
december,K3,,lion,A1,,
december,K3,,parrot,A1,,
december,K3,,deer,A1,,
december,K3,,goat,A1,,🐐
december,K3,,rat,A1,,
december,K3,,horse,A1,,🐴
december,K3,,toad,A1,,
december,K3,,foal,A1,,
december,K3,,bat,A1,,
december,K3,,tiger,A1,,🐯
december,K3,,penguin,A1,,🐧
december,K3,,zebra,A1,,🦓
december,K3,,tree,A1,,🌳
december,K3,,tooth,A1,,🦷
december,K3,,neck,A1,,
december,K3,,tail,A1,,🐕
december,K3,,long,A1,,
december,K3,,tall,A1,,📏
december,K3,,short,A1,,📏
december,K3,,nose,A1,,👃
december,K3,,leg,A1,,🦵
december,K3,,eye,A1,,👁️
december,K3,,ear,A1,,👂
december,K3,,scary,A1,,
december,K3,,sharp,A1,,🔪
december,K3,,car,A1,,🚗
december,K3,,touch,A1,,👆
december,K3,,forest,A1,,
december,K3,,farm,A1,,🚜
december,K3,,measurement,A1,,
december,K3,,write,A1,,✍️
december,K3,,count,A1,,🔢
december,K3,,match,A1,,🔗
december,K3,,trace,A1,,✍️
december,K3,,draw,A1,,✏️
december,K3,,color,A1,,🎨
december,K3,,ten centimeters,A1,,
december,K3,,twenty centimeters,A1,,
december,K3,,thirty centimeters,A1,,
december,K3,,forty centimeters,A1,,
december,K3,,fifty centimeters,A1,,
december,K3,,sixty centimeters,A1,,
december,K3,,seventy centimeters,A1,,
december,K3,,eighty centimeters,A1,,
december,K3,,ninety centimeters,A1,,
december,K3,,one hundred centimeters,A1,,
december,P1,Go Get Maths,sequence,A1,,
december,P1,Science,sun,A1,,☀️
december,P1,English,shopping mall,A1,,
december,P1,Go Get Maths,distance,A1,,
december,P1,Science,cloud,A1,,☁️
december,P1,English|Go Get Maths,bridge,A1,,🌉
december,P1,Go Get Maths,path,A1,,
december,P1,Science|English,sky,A1,,🌤️
december,P1,English,market,A1,,🏪
december,P1,Go Get Maths,ribbon,A1,,🎀
december,P1,Science,rainbow,A1,,🌈
december,P1,English,traffic light,A1,,🚦
december,P1,Go Get Maths,rope,A1,,
december,P1,Science,bright,A1,,
december,P1,English,goup,A1,,
december,P1,Go Get Maths,tower,A1,,
december,P1,Science,warm,A1,,🌤️
december,P1,English,go down,A1,,
december,P1,Go Get Maths,building,A1,,🏢
december,P1,Science,sunrise,A1,,
december,P1,English,near,A1,,
december,P1,Science,sunset,A1,,
december,P1,English,far,A1,,
december,P1,Go Get Maths,road,A1,,🛣️
december,P1,Science|English,wind,A1,,💨
december,P1,English,high,A1,,
december,P1,Go Get Maths,train,A1,,🚂
december,P1,Science,daytime,A1,,
december,P1,English,low,A1,,
december,P1,Go Get Maths,bus,A1,assets/P1/bus.jpeg,🚌
december,P1,Science,moon,A1,,🌙
december,P1,English,spinning top,A1,,
december,P1,Go Get Maths,taxi,A1,,🚕
december,P1,Science,star,A1,,⭐
december,P1,English,balloon,A1,assets/P1/balloon.jpeg,🎈
december,P1,Go Get Maths,motorcycle,A1,,
december,P1,Science,twinkle,A1,,✨
december,P1,English,doll,A1,,🪆
december,P1,Go Get Maths,sort,A1,assets/P1/sort.jpeg,🗂️
december,P1,Science,night,A1,,
december,P1,English,escalator,A1,,
december,P1,Go Get Maths,trace,A1,,✍️
december,P1,Science,dark,A1,,
december,P1,English|Go Get Maths,lift,A1,,🏋️
december,P1,Go Get Maths,stretch,A1,,🧘
december,P1,Science,shine,A1,,✨
december,P1,English,stairs,A1,,🪜
december,P1,Go Get Maths,fold,A1,,📄
december,P1,Science,full moon,A1,,🌕
december,P1,English,bat,A1,,
december,P1,Go Get Maths,cut,A1,,
december,P1,Science,new moon,A1,,
december,P1,English,sea,A1,,
december,P1,Go Get Maths|English,tie,A1,,👔
december,P1,Science,half moon,A1,,
december,P1,Go Get Maths,mass,A1,,
december,P1,Science,shooting star,A1,,
december,P1,English,rain,A1,,🌧️
december,P1,Go Get Maths,weight,A1,,
december,P1,Science,day,A1,,
december,P1,English,bee,A1,assets/P1/bee.jpeg,🐝
december,P1,Go Get Maths,heavy,A1,assets/P1/heavy.jpeg,
december,P1,Science,midnight,A1,,
december,P1,English,boot,A1,,🥾
december,P1,Go Get Maths,light,A1,assets/P1/light.jpeg,💡
december,P1,Science,morning,A1,,
december,P1,English,crossing,A1,,
december,P1,Go Get Maths,balance,A1,,⚖️
december,P1,Science,evening,A1,,
december,P1,English,bank,A1,,
december,P1,Go Get Maths,scale,A1,assets/P1/scale.jpeg,⚖️
december,P1,Science,moonlight,A1,,
december,P1,English,coat,A1,,🧥
december,P1,Go Get Maths,kilogram,A1,,
december,P1,Science,glow,A1,,
december,P1,English,tent,A1,,⛺
december,P1,Go Get Maths,kheed,A1,,
december,P1,Science,chilly,A1,,
december,P1,Go Get Maths,marble,A1,,🔮
december,P1,Science,cool,A1,,
december,P1,English,paint,A1,assets/P1/paint.jpeg,🎨
december,P1,Go Get Maths,cube,A1,,🧊
december,P1,Science,time,A1,,⏰
december,P1,English,hand,A1,assets/P1/hand.jpeg,✋
december,P1,Go Get Maths,flour,A1,,🌾
december,P1,Science,change,A1,assets/P1/change.jpeg,🔄
december,P1,English,belt,A1,,
december,P1,Go Get Maths,sand,A1,,
december,P1,Science,sunny,A1,,☀️
december,P1,English,lamp,A1,,💡
december,P1,Go Get Maths,rice,A1,,🍚
december,P1,Science,cloudy,A1,,☁️
december,P1,English,camp,A1,,🏕️
december,P1,Go Get Maths,sack,A1,,
december,P1,Science,rainy,A1,,🌧️
december,P1,Go Get Maths,stool,A1,,
december,P1,Science,windy,A1,,💨
december,P1,English,robe,A1,,
december,P1,Science,foggy,A1,,🌫️
december,P1,English,bear,A1,assets/P1/bear.jpg,🐻
december,P1,Go Get Maths,carry,A1,,🧳
december,P1,Science,weather,A1,,🌦️
december,P1,English,bell,A1,,
december,P1,Go Get Maths,weigh,A1,,
december,P1,Science,umbrella,A1,,☂️
december,P1,English,black,A1,,⚫
december,P1,Go Get Maths,tilt,A1,,
december,P1,Science,storm,A1,,⛈️
december,P1,English,ear,A1,assets/P1/ear.jpeg,👂
december,P1,Go Get Maths,rise,A1,,
december,P1,Science,season,A1,assets/P1/season.jpeg,🍂
december,P1,English,lip,A1,,
december,P1,Go Get Maths,fall,A1,,
december,P1,Science,outdoor,A1,,
december,P1,English,finger,A1,assets/P1/finger.jpeg,☝️
december,P1,Go Get Maths,hand span,A1,assets/P1/hand_span.jpeg,
december,P1,Science,globe,A1,assets/P1/globe.jpeg,🌍
december,P1,English,chip,A1,,
december,P1,Go Get Maths,cubit,A1,,
december,P1,Science,planet,A1,,🪐
december,P1,English,pancake,A1,,🥞
december,P1,Go Get Maths,balanced,A1,,
december,P1,Science,rocket,A1,assets/P1/rocket.jpeg,🚀
december,P1,English,eyebrow,A1,,
december,P1,Go Get Maths,empty,A1,,
december,P1,Science,astronaut,A1,,
december,P1,English,tongue,A1,assets/P1/tongue.jpeg,👅
december,P1,Go Get Maths,full,A1,,
december,P1,Science,telescope,A1,,🔭
december,P1,English,arm,A1,assets/P1/arm.jpeg,💪
december,P1,Go Get Maths,different,A1,assets/P1/different.jpeg,
december,P1,Science,explore,A1,,
december,P1,English,leg,A1,assets/P1/leg.jpeg,🦵
december,P1,Go Get Maths,same,A1,assets/P1/same.jpeg,
december,P1,Science,estimate,A1,,
december,P1,English,sing,A1,,🎤
december,P1,Go Get Maths,strong,A1,,💪
december,P1,Science,explain,A1,,
december,P1,English,band,A1,,
december,P1,Go Get Maths,weak,A1,,
december,P1,Science,night sky,A1,,
december,P1,English,bed,A1,,🛏️
december,P1,Go Get Maths,package,A1,,
december,P1,Science,space,A1,,🌌
december,P1,English,pond,A1,,
december,P2,,donkey,A2,,
december,P2,,happy,A2,,😊
december,P2,,grey,A2,,
december,P2,,shiny,A2,,✨
december,P2,,key,A2,,🔑
december,P2,,monkey,A2,,
december,P2,,honey,A2,,🍯
december,P2,,seal,A2,,🦭
december,P2,,wet,A2,,💧
december,P2,,star,A2,,⭐
december,P2,,eye,A2,,👁️
december,P2,,walk,A2,,🚶
december,P2,,smile,A2,,😊
december,P2,,sea,A2,,
december,P2,,patient,A2,,
december,P2,,hospital,A2,,
december,P2,,bed,A2,,🛏️
december,P2,,nurse,A2,,👩‍⚕️
december,P2,,microscope,A2,,🔬
december,P2,,x-ray,A2,,🩻
december,P2,,medicine,A2,,💊
december,P2,,noise,A2,,
december,P2,,bandage,A2,,🩹
december,P2,,hot,A2,,🔥
december,P2,,cold,A2,,🥶
december,P2,,sad,A2,,😢
december,P2,,sick,A2,,🤒
december,P2,,dizzy,A2,,😵
december,P2,,toothache,A2,,
december,P2,,headache,A2,,
december,P2,,blood,A2,,🩸
december,P2,,head,A2,,🧑
december,P2,,weight,A2,,
december,P2,,yellow,A2,,🟡
december,P2,,ear,A2,,👂
december,P2,,teeth,A2,,🦷
december,P2,,door,A2,,🚪
december,P2,,temperature,A2,,🌡️
december,P2,,money,A2,,💰
december,P2,,sore throat,A2,,
december,P2,,stick,A2,,🪵
december,P2,,bamboo,A2,,
december,P2,,pine cones,A2,,
december,P2,,dry leaves,A2,,
december,P2,,waiting room,A2,,
december,P2,,string,A2,,
december,P2,,purse,A2,,
december,P2,,reception,A2,,
december,P2,,torch,A2,,
december,P2,,tongue,A2,,👅
december,P3,,curly,A2,,
december,P3,,wall,A2,,🧱
december,P3,,happy,A2,,😊
december,P3,,coral reef,A2,,
december,P3,,shipwreck,A2,,
december,P3,,puddle,A2,,💧
december,P3,,shore,A2,,
december,P3,,laugh,A2,,
december,P3,,cry,A2,,
december,P3,,elbow,A2,,💪
december,P3,,horse,A2,,🐴
december,P3,,bubble gum,A2,,
december,P3,,signature,A2,,
december,P3,,soybean,A2,,
december,P3,,picnic,A2,,🧺
december,P3,,hair,A2,,💇
december,P3,,eye,A2,,👁️
december,P3,,grandmother,A2,,👵
december,P3,,wet,A2,,💧
december,P3,,kite,A2,,🪁
december,P3,,car,A2,,🚗
december,P3,,question mark,A2,,
december,P3,,exclamation mark,A2,,
december,P3,,period,A2,,
december,P3,,notebook,A2,,📓
december,P3,,box,A2,,📦
december,P3,,girl,A2,,👧
december,P3,,boy,A2,,👦
december,P3,,baby,A2,,👶
december,P3,,farmer,A2,,👨‍🌾
december,P3,,chart,A2,,📊
december,P3,,bike,A2,,🚲
december,P3,,head,A2,,🧑
december,P3,,tyre,A2,,
december,P3,,kangaroo,A2,,
december,P3,,camel,A2,,🐫
december,P3,,hot air balloon,A2,,
december,P3,,film,A2,,🎬
december,P3,,festival,A2,,🎉
december,P3,,bear,A2,,🐻
december,P3,,sky,A2,,🌤️
december,P3,,leg,A2,,🦵
december,P3,,dream,A2,,💭
december,P3,,sister,A2,,👧
december,P3,,cousin,A2,,
december,P3,,seashell,A2,,
december,P3,,shoulder,A2,,
december,P3,,vacation,A2,,
december,P3,,album,A2,,
december,P3,,gift,A2,,🎁
december,P4,,rhino,A2,,
december,P4,,straw,A2,,🥤
december,P4,,crocodile,A2,,🐊
december,P4,,monkey,A2,,
december,P4,,fish,A2,,🐟
december,P4,,king,A2,,🤴
december,P4,,queen,A2,,👸
december,P4,,dragon,A2,,🐉
december,P4,,hunter,A2,,
december,P4,,library,A2,,📚
december,P4,,librarian,A2,,📚
december,P4,,book,A2,,📖
december,P4,,school,A2,,🏫
december,P4,,bookmark,A2,,
december,P4,,book title,A2,,
december,P4,,picture,A2,,🖼️
december,P4,,fishing hook,A2,,
december,P4,,fishing line,A2,,
december,P4,,fishing canoe,A2,,
december,P4,,skin,A2,,🧴
december,P4,,giant,A2,,🗿
december,P4,,stringray,A2,,
december,P4,,arrow,A2,,
december,P4,,impala,A2,,
december,P4,,prince,A2,,
december,P4,,hippopotamus,A2,,
december,P4,,baobab tree,A2,,
december,P4,,old man,A2,,
december,P4,,chimpanzee,A2,,
december,P4,,forest,A2,,
december,P4,,underground,A2,,
december,P4,,snake,A2,,🐍
december,P4,,puddle,A2,,💧
december,P4,,nest,A2,,🪹
december,P4,,tusk,A2,,
december,P4,,trunk,A2,,🌳
december,P4,,river,A2,,🏞️
december,P4,,hungry,A2,,😋
december,P4,,trap,A2,,
december,P4,,lion,A2,,
december,P4,,tickbird,A2,,
december,P4,,sunrise,A2,,
december,P4,,gourd,A2,,
december,P4,,stamp,A2,,📮
december,P4,,mosquito,A2,,
december,P4,,bee,A2,,🐝
december,P4,,stung,A2,,
december,P4,,tail,A2,,🐕
december,P4,,ant,A2,,🐜
december,P4,,horn,A2,,🐂
december,P5,,airport,B1,,
december,P5,,station,B1,,
december,P5,,ticket,B1,,
december,P5,,passenger,B1,,
december,P5,,driver,B1,,
december,P5,,pilot,B1,,🧑‍✈️
december,P5,,sailor,B1,,⛵
december,P5,,author,B1,,
december,P5,,luggage,B1,,
december,P5,,suitcase,B1,,
december,P5,,map,B1,,🗺️
december,P5,,compass,B1,,
december,P5,,route,B1,,
december,P5,,coast,B1,,
december,P5,,tunnel,B1,,🚇
december,P5,,highway,B1,,
december,P5,,sidewalk,B1,,🚶
december,P5,,bicycle,B1,,🚲
december,P5,,island,B1,,🏝️
december,P5,,vehicle,B1,,🚗
december,P5,,board,B1,,📋
december,P5,,land,B1,,🏞️
december,P5,,travel,B1,,🧳
december,P5,,pack,B1,,
december,P5,,unpack,B1,,
december,P5,,steer,B1,,
december,P5,,pedal,B1,,
december,P5,,signal,B1,,
december,P5,,park,B1,,🏞️
december,P5,,hurry,B1,,
december,P5,,delay,B1,,
december,P5,,transport,B1,,🚌
december,P5,,navigate,B1,,
december,P5,,depart,B1,,
december,P5,,arrive,B1,,
december,P5,,crowded,B1,,
december,P5,,empty,B1,,
december,P5,,comfortable,B1,,😌
december,P5,,dangerous,B1,,
december,P5,,distant,B1,,
december,P5,,local,B1,,
december,P5,,international,B1,,
december,P5,,smooth,B1,,
december,P5,,bumpy,B1,,
december,P5,,direct,B1,,
december,P5,,early,B1,,
december,P5,,late,B1,,
december,P5,,convenient,B1,,
december,P5,,slow,B1,,🐢
december,P5,,quick,B1,,
december,P6,,crocodile,B1,,🐊
december,P6,,poison,B1,,
december,P6,,antler,B1,,
december,P6,,swarm,B1,,
december,P6,,toad,B1,,
december,P6,,seal,B1,,🦭
december,P6,,deer,B1,,
december,P6,,bract,B1,,
december,P6,,survival,B1,,
december,P6,,shipwreck,B1,,
december,P6,,island,B1,,🏝️
december,P6,,danger,B1,,⚠️
december,P6,,adventure,B1,,🗺️
december,P6,,setting,B1,,
december,P6,,torch,B1,,
december,P6,,knife,B1,,
december,P6,,rope,B1,,
december,P6,,compass,B1,,
december,P6,,map,B1,,🗺️
december,P6,,signal,B1,,
december,P6,,fire,B1,,🔥
december,P6,,rescue,B1,,🛟
december,P6,,survivor,B1,,
december,P6,,rainforest,B1,,🌴
december,P6,,pocket,B1,,
december,P6,,ship,B1,,🚢
december,P6,,crew,B1,,
december,P6,,storm,B1,,⛈️
december,P6,,shark,B1,,
december,P6,,dolphin,B1,,🐬
december,P6,,turtle,B1,,🐢
december,P6,,salamander,B1,,
december,P6,,newt,B1,,
december,P6,,spine,B1,,🦴
december,P6,,fin,B1,,🐟
december,P6,,beak,B1,,🐦
december,P6,,nest,B1,,🪹
december,P6,,money,B1,,💰
december,P6,,budget,B1,,
december,P6,,income,B1,,
december,P6,,outgoing,B1,,
december,P6,,target,B1,,
december,P6,,plan,B1,,
december,P6,,limit,B1,,
december,P6,,snack,B1,,
december,P6,,job,B1,,
december,P6,,reward,B1,,
december,P6,,coin,B1,,
december,P6,,gold,B1,,
december,P6,,bronze,B1,,
january,K1,,lion,Pre-A1,,
january,K1,,tiger,Pre-A1,,🐯
january,K1,,monkey,Pre-A1,,
january,K1,,giraffe,Pre-A1,,🦒
january,K1,,zebra,Pre-A1,,🦓
january,K1,,bear,Pre-A1,,🐻
january,K1,,hippo,Pre-A1,,
january,K1,,rhino,Pre-A1,,
january,K1,,crocodile,Pre-A1,,🐊
january,K1,,snake,Pre-A1,,🐍
january,K1,,turtle,Pre-A1,,🐢
january,K1,,frog,Pre-A1,,🐸
january,K1,,letter s,Pre-A1,,
january,K1,,letter t,Pre-A1,,
january,K1,,letter u,Pre-A1,,
january,K1,,owl,Pre-A1,,🦉
january,K1,,cow,Pre-A1,,🐄
january,K1,,pig,Pre-A1,,
january,K1,,sheep,Pre-A1,,
january,K1,,cat,Pre-A1,assets/K1/cat.jpeg,🐱
january,K1,,chicken,Pre-A1,,🐔
january,K1,,whale,Pre-A1,,🐋
january,K1,,dolphin,Pre-A1,,🐬
january,K1,,shark,Pre-A1,,
january,K1,,octopus,Pre-A1,,
january,K1,,crab,Pre-A1,,🦀
january,K1,,butterfly,Pre-A1,,🦋
january,K1,,ant,Pre-A1,,🐜
january,K1,,spider,Pre-A1,,🕷️
january,K1,,fly,Pre-A1,,🕊️
january,K1,,ladybug,Pre-A1,,🐞
january,K1,,snail,Pre-A1,,🐌
january,K1,,worm,Pre-A1,,
january,K1,,camel,Pre-A1,,🐫
january,K1,,kangaroo,Pre-A1,,
january,K1,,koala,Pre-A1,,
january,K1,,fox,Pre-A1,,🦊
january,K1,,deer,Pre-A1,,
january,K1,,wolf,Pre-A1,,
january,K1,,peacock,Pre-A1,,
january,K1,,parrot,Pre-A1,,
january,K1,,nest,Pre-A1,,🪹
january,K1,,tail,Pre-A1,,🐕
january,K1,,ten,Pre-A1,,🔟
january,K1,,party hat,Pre-A1,,🎉
january,K1,,paper kite,Pre-A1,,
january,K1,,paper bird,Pre-A1,,
january,K1,,racket,Pre-A1,,🎾
january,K1,,remote,Pre-A1,,📱
january,K1,,horse,Pre-A1,,🐴
january,K2,,pants,Pre-A1,,👖
january,K2,,sandals,Pre-A1,,
january,K2,,washing machine,Pre-A1,,🧺
january,K2,,milkshake,Pre-A1,,🥤
january,K2,,spring,Pre-A1,,
january,K2,,summer,Pre-A1,,☀️
january,K2,,fall,Pre-A1,,
january,K2,,winter,Pre-A1,,
january,K2,,dress,Pre-A1,,👗
january,K2,,shoes,Pre-A1,,👟
january,K2,,uniform,Pre-A1,,
january,K2,,apron,Pre-A1,,
january,K2,,pocket,Pre-A1,,
january,K2,,zipper,Pre-A1,,
january,K2,,button,Pre-A1,,🔘
january,K2,,sleeve,Pre-A1,,
january,K2,,collar,Pre-A1,,
january,K2,,belt,Pre-A1,,
january,K2,,swimsuit,Pre-A1,,
january,K2,,pajamas,Pre-A1,,
january,K2,,sneakers,Pre-A1,,
january,K2,,laundry basket,Pre-A1,,
january,K2,,hanger,Pre-A1,,🧥
january,K2,,closet,Pre-A1,,
january,K2,,cotton,Pre-A1,,
january,K2,,silk,Pre-A1,,
january,K2,,fabric,Pre-A1,,
january,K2,,wear,Pre-A1,,
january,K2,,fold,Pre-A1,,📄
january,K2,,iron,Pre-A1,,🧺
january,K2,,clothes,Pre-A1,,
january,K2,,clean,Pre-A1,,✨
january,K2,,dirty,Pre-A1,,🧹
january,K2,,canvas,Pre-A1,,
january,K2,,clothesline,Pre-A1,,
january,K2,,clothespin,Pre-A1,,
january,K2,,plastic tub,Pre-A1,,
january,K2,,detergent,Pre-A1,,
january,K2,,shoelace,Pre-A1,,👟
january,K2,,season,Pre-A1,,🍂
january,K2,,mittens,Pre-A1,,🧤
january,K2,,push,Pre-A1,,🫸
january,K2,,blazer,Pre-A1,,
january,K2,,earmuffs,Pre-A1,,
january,K2,,sleveless,Pre-A1,,
january,K2,,stain,Pre-A1,,
january,K2,,stockings,Pre-A1,,
january,K2,,leggings,Pre-A1,,
january,K2,,slippers,Pre-A1,,
january,K2,,vest,Pre-A1,,
january,K3,,chef,A1,,
january,K3,,police officer,A1,,👮
january,K3,,firefighter,A1,,👨‍🚒
january,K3,,nurse,A1,,👩‍⚕️
january,K3,,taxi driver,A1,,
january,K3,,vet,A1,,
january,K3,,zookeeper,A1,,
january,K3,,singer,A1,,
january,K3,,actor,A1,,
january,K3,,teacher,A1,,👩‍🏫
january,K3,,fire station,A1,,
january,K3,,fire truck,A1,,
january,K3,,drive,A1,,🚗
january,K3,,police station,A1,,
january,K3,,police car,A1,,
january,K3,,stethoscope,A1,,
january,K3,,microphone,A1,,
january,K3,,first aid kit,A1,,
january,K3,,lab coat,A1,,
january,K3,,sick,A1,,🤒
january,K3,,cook,A1,,👨‍🍳
january,K3,,medical mask,A1,,
january,K3,,badge,A1,,
january,K3,,spoon,A1,,🥄
january,K3,,hose,A1,,🚿
january,K3,,tuck in,A1,,
january,K3,,untuck,A1,,
january,K3,,uniform,A1,,
january,K3,,whistle,A1,,
january,K3,,white board,A1,,
january,K3,,medicine,A1,,💊
january,K3,,notepad,A1,,
january,K3,,pot,A1,,🍲
january,K3,,pan,A1,,
january,K3,,apron,A1,,
january,K3,,stage,A1,,
january,K3,,fire,A1,,🔥
january,K3,,help,A1,,🤝
january,K3,,steering wheel,A1,,
january,K3,,measuring tape,A1,,
january,K3,,police cap,A1,,
january,K3,,chef’s hat,A1,,
january,K3,,river,A1,,🏞️
january,K3,,race,A1,,🏁
january,K3,,smart,A1,,
january,K3,,trick,A1,,
january,K3,,loud,A1,,
january,K3,,shout,A1,,
january,K3,,mouth,A1,,👄
january,K3,,prickle,A1,,
january,P1,Go Get Maths,hundred,A1,,💯
january,P1,Science,rock,A1,,🪨
january,P1,English,smell,A1,assets/P1/smell.jpeg,👃
january,P1,Go Get Maths,thirty,A1,,3️⃣0️⃣
january,P1,Science,pebble,A1,,
january,P1,English,touch,A1,assets/P1/touch.jpeg,👆
january,P1,Go Get Maths,forty,A1,,4️⃣0️⃣
january,P1,Science,mineral,A1,,
january,P1,English,hear,A1,assets/P1/hear.jpeg,👂
january,P1,Go Get Maths,fifty,A1,,5️⃣0️⃣
january,P1,Science,boulder,A1,,
january,P1,English,see,A1,assets/P1/see.jpeg,👀
january,P1,Go Get Maths,sixty,A1,,6️⃣0️⃣
january,P1,Science,ground,A1,assets/P1/ground.jpeg,🟫
january,P1,English,taste,A1,assets/P1/taste.jpeg,👅
january,P1,Go Get Maths,seventy,A1,,7️⃣0️⃣
january,P1,Science,dig,A1,,🪏
january,P1,English,parrot,A1,,
january,P1,Go Get Maths,eighty,A1,,8️⃣0️⃣
january,P1,Science,gravel,A1,,
january,P1,English,tambourine,A1,,
january,P1,Go Get Maths,ninety,A1,,9️⃣0️⃣
january,P1,Science,collect,A1,,
january,P1,English,violin,A1,,
january,P1,Go Get Maths,digit,A1,,
january,P1,Science,pick up,A1,,
january,P1,English,maracas,A1,,
january,P1,Go Get Maths,value,A1,,
january,P1,Science,sand,A1,,
january,P1,English,piano,A1,,
january,P1,Go Get Maths,place,A1,,📍
january,P1,Science,black,A1,,⚫
january,P1,English,trumpet,A1,,
january,P1,Go Get Maths,bundle,A1,,
january,P1,Science,white,A1,,⚪
january,P1,English,xylophone,A1,,
january,P1,Go Get Maths,band,A1,,
january,P1,Science,grey,A1,,
january,P1,English,torch,A1,,
january,P1,Go Get Maths,fence,A1,,🚧
january,P1,Science,clay,A1,,
january,P1,English,night,A1,,
january,P1,Go Get Maths,sheep,A1,,
january,P1,Science|English,red,A1,,🔴
january,P1,English,storm,A1,,⛈️
january,P1,Go Get Maths,flock,A1,,
january,P1,Science,orange,A1,assets/P1/orange.jpeg,🟠
january,P1,English,saxophone,A1,,
january,P1,Go Get Maths,grid,A1,assets/P1/grid.jpeg,🔲
january,P1,Science,shiny,A1,,✨
january,P1,English,jogging,A1,,
january,P1,Go Get Maths,chart,A1,assets/P1/chart.jpeg,📊
january,P1,Science,dull,A1,,
january,P1,English,kick,A1,,🦵
january,P1,Go Get Maths,set,A1,,
january,P1,Science,crystal,A1,,
january,P1,English,throw,A1,,🤾
january,P1,Go Get Maths,bead,A1,,📿
january,P1,Science,cliff,A1,,
january,P1,English,skunk,A1,,
january,P1,Go Get Maths,coin,A1,,
january,P1,Science,quarry,A1,,
january,P1,English,scale,A1,assets/P1/scale.jpeg,⚖️
january,P1,Go Get Maths,token,A1,,
january,P1,Science,sediment,A1,,
january,P1,English,desk,A1,,🪑
january,P1,Go Get Maths,abacus,A1,,
january,P1,Science,flat,A1,assets/P1/flat.jpeg,
january,P1,English,spray,A1,,
january,P1,Go Get Maths,rod,A1,,
january,P1,Science,round,A1,,⭕
january,P1,English,strong,A1,,💪
january,P1,Go Get Maths|Science,tray,A1,,🍽️
january,P1,Science,pointed,A1,,
january,P1,English,splint,A1,,
january,P1,Go Get Maths,increase,A1,,
january,P1,Science,sharp,A1,,🔪
january,P1,English,square,A1,,🟦
january,P1,Go Get Maths,decrease,A1,,
january,P1,Science,fossil,A1,,
january,P1,English,fork,A1,assets/P1/fork.jpeg,🍴
january,P1,Go Get Maths,missing,A1,,❓
january,P1,Science,polish,A1,,
january,P1,English,knife,A1,,
january,P1,Go Get Maths,forward,A1,,
january,P1,Science,magnet,A1,,
january,P1,English,onion,A1,,🧅
january,P1,Go Get Maths,backward,A1,,
january,P1,Science,size,A1,assets/P1/size.jpeg,
january,P1,English,pavement,A1,,
january,P1,Go Get Maths,middle,A1,,
january,P1,Science,magnetic,A1,,
january,P1,English,football,A1,,⚽
january,P1,Go Get Maths,top,A1,,
january,P1,Science,attract,A1,,
january,P1,English,paper,A1,assets/P1/paper.jpeg,📄
january,P1,Go Get Maths,bottom,A1,,
january,P1,Science,dense,A1,,
january,P1,English,pie,A1,,🥧
january,P1,Go Get Maths,big,A1,assets/P1/big.jpeg,🐘
january,P1,Science,bouyant,A1,,
january,P1,English,purse,A1,,
january,P1,Go Get Maths,small,A1,assets/P1/small.jpeg,🐜
january,P1,Science,surface,A1,,
january,P1,English,rectangle,A1,,▭
january,P1,Go Get Maths,stapler,A1,,
january,P1,Science,tub,A1,,
january,P1,Go Get Maths,marbles,A1,,
january,P1,Science,natural,A1,,
january,P1,English,sandcastle,A1,,
january,P1,Go Get Maths,exchange,A1,,
january,P1,Science,correct,A1,,✅
january,P1,English,skate boarding,A1,,
january,P1,Go Get Maths,screwdriver,A1,,
january,P1,Science,wrong,A1,,
january,P1,English,star,A1,,⭐
january,P1,Go Get Maths,split,A1,,
january,P1,Science,artificial,A1,,
january,P1,English,trophy,A1,,
january,P1,Go Get Maths,break,A1,,
january,P1,Science,tiny,A1,,
january,P1,English,yellow,A1,,🟡
january,P1,Go Get Maths,flagpole,A1,,
january,P1,Science,huge,A1,,
january,P1,English,spring,A1,,
january,P1,Go Get Maths,build,A1,,🔨
january,P1,Science,giant,A1,,🗿
january,P1,English,summer,A1,,☀️
january,P1,Go Get Maths,move,A1,,
january,P1,Science,container,A1,,
january,P1,English,winter,A1,,
january,P1,Go Get Maths,hop,A1,assets/P1/hop.jpeg,🦘
january,P1,English,can,A1,assets/P1/can.jpeg,🥫
january,P1,Go Get Maths,skip,A1,,🤸
january,P1,Science,scoop,A1,,🍨
january,P1,English,bug,A1,,
january,P1,Go Get Maths,reach,A1,,
january,P1,Science,funnel,A1,,
january,P1,English,flower,A1,assets/P1/flower.jpeg,🌸
january,P1,Go Get Maths,giraffe,A1,assets/P1/giraffe.jpeg,🦒
january,P1,Science,method,A1,,
january,P1,English,grass,A1,,🌿
january,P1,Go Get Maths,connect,A1,,
january,P1,Science,tool,A1,,
january,P1,English,dance,A1,,💃
january,P1,Go Get Maths,separate,A1,,
january,P1,Science,curious,A1,,🤔
january,P1,English,hit,A1,,
january,P2,,zip,A2,,
january,P2,,wire,A2,,
january,P2,,whistle,A2,,
january,P2,,whale,A2,,🐋
january,P2,,wave,A2,,
january,P2,,traffic light,A2,,🚦
january,P2,,towel,A2,,🧻
january,P2,,toe,A2,assets/P2/toe.jpeg,🦶
january,P2,,timetable,A2,,
january,P2,,tiger,A2,,🐯
january,P2,,tear,A2,,😢
january,P2,,thumb,A2,,👍
january,P2,,television,A2,,📺
january,P2,,tea,A2,,🍵
january,P2,,table,A2,,🪑
january,P2,,sunglasses,A2,,🕶️
january,P2,,sun cream,A2,,
january,P2,,stick insect,A2,,
january,P2,,stair,A2,,🪜
january,P2,,square,A2,,🟦
january,P2,,slope,A2,,📐
january,P2,,skate,A2,,⛸️
january,P2,,shop,A2,,🏪
january,P2,,shell,A2,,🐚
january,P2,,sandcastle,A2,,
january,P2,,sack,A2,,
january,P2,,rubbish,A2,,🗑️
january,P2,,rocket,A2,,🚀
january,P2,,robot,A2,,🤖
january,P2,,red,A2,,🔴
january,P2,,rectangle,A2,,▭
january,P2,,queue,A2,,🚶
january,P2,,queen,A2,,👸
january,P2,,purple,A2,,🟣
january,P2,,puppet,A2,,🎭
january,P2,,plane,A2,,✈️
january,P2,,pipe,A2,,
january,P2,,pink,A2,,🩷
january,P2,,pie,A2,assets/P2/pie.jpg,🥧
january,P2,,picture,A2,,🖼️
january,P2,,piano,A2,,
january,P2,,phone,A2,assets/P2/phone.jpeg,📱
january,P2,,peacock,A2,,
january,P2,,pavement,A2,,
january,P2,,parrot,A2,,
january,P2,,orange,A2,,🟠
january,P2,,onion,A2,,🧅
january,P2,,market,A2,,🏪
january,P2,,mango,A2,,🥭
january,P2,,lion,A2,,
january,P3,,cycling,A2,,
january,P3,,trekking,A2,,
january,P3,,camping,A2,,
january,P3,,skiing,A2,,
january,P3,,sailboat,A2,,
january,P3,,mountain,A2,,⛰️
january,P3,,underwater,A2,,🌊
january,P3,,camera,A2,,📷
january,P3,,selfiestick,A2,,
january,P3,,donkey,A2,,
january,P3,,treepod,A2,,
january,P3,,forest,A2,,
january,P3,,wifi,A2,,
january,P3,,castle,A2,,🏰
january,P3,,ticket,A2,,
january,P3,,snorkeling,A2,,
january,P3,,window,A2,,🪟
january,P3,,book,A2,,📖
january,P3,,photo,A2,,
january,P3,,photographer,A2,,
january,P3,,rail,A2,,
january,P3,,bird,A2,,🐦
january,P3,,monkey,A2,,
january,P3,,turtle,A2,,🐢
january,P3,,stargazer,A2,,
january,P3,,tree,A2,,🌳
january,P3,,star,A2,,⭐
january,P3,,rampart,A2,,
january,P3,,sea,A2,,
january,P3,,blog,A2,,📝
january,P3,,ice,A2,,
january,P3,,train,A2,,🚂
january,P3,,windmill,A2,,
january,P3,,screen,A2,,
january,P3,,blog page,A2,,
january,P3,,sand,A2,,
january,P3,,ice cream,A2,,🍦
january,P3,,tent,A2,,⛺
january,P3,,helmet,A2,,⛑️
january,P3,,fire,A2,,🔥
january,P3,,sign,A2,,
january,P3,,sunscreen,A2,,
january,P3,,sun,A2,,☀️
january,P3,,bed,A2,,🛏️
january,P3,,snow,A2,,❄️
january,P3,,hall,A2,,
january,P3,,tower,A2,,
january,P3,,wind,A2,,💨
january,P3,,above,A2,,
january,P3,,camera stand,A2,,
january,P4,,kayaking,A2,,
january,P4,,rock climb,A2,,
january,P4,,zip line,A2,,
january,P4,,hike,A2,,🥾
january,P4,,orienteer,A2,,
january,P4,,mountain bike,A2,,
january,P4,,camp,A2,,🏕️
january,P4,,white water raft,A2,,
january,P4,,row,A2,,🚣
january,P4,,treasure hunt,A2,,🗺️
january,P4,,map,A2,,🗺️
january,P4,,website,A2,,🌐
january,P4,,phone,A2,,📱
january,P4,,climber,A2,,
january,P4,,hot air balloon,A2,,
january,P4,,volcano,A2,,
january,P4,,snorkel,A2,,
january,P4,,gold medal,A2,,
january,P4,,ball,A2,,⚽
january,P4,,jungle,A2,,🌴
january,P4,,hen,A2,,🐔
january,P4,,egg,A2,,🥚
january,P4,,swim,A2,,🏊
january,P4,,surf,A2,,🏄
january,P4,,boat,A2,,⛵
january,P4,,icerberg,A2,,
january,P4,,skate,A2,,⛸️
january,P4,,eagle,A2,,🦅
january,P4,,camel,A2,,🐫
january,P4,,dive,A2,,
january,P4,,dolphin,A2,,🐬
january,P4,,plane,A2,,✈️
january,P4,,helicopter,A2,,🚁
january,P4,,fossil,A2,,
january,P4,,den,A2,,
january,P4,,animal track,A2,,
january,P4,,rock pool,A2,,
january,P4,,binoculars,A2,,
january,P4,,poohstick,A2,,
january,P4,,torch,A2,,
january,P4,,pond,A2,,
january,P4,,snail,A2,,🐌
january,P4,,crab,A2,,🦀
january,P4,,plant,A2,,🌱
january,P4,,cloud,A2,,☁️
january,P4,,paddle,A2,,
january,P4,,clamber,A2,,
january,P4,,spot,A2,,
january,P4,,dam,A2,,
january,P4,,hill,A2,,
january,P5,,keyboard,B1,,
january,P5,,screen,B1,,
january,P5,,monitor,B1,,
january,P5,,speaker,B1,,🗣️
january,P5,,microphone,B1,,
january,P5,,camera,B1,,📷
january,P5,,battery,B1,,🔋
january,P5,,charger,B1,,
january,P5,,website,B1,,🌐
january,P5,,password,B1,,🔑
january,P5,,message,B1,,
january,P5,,email,B1,,
january,P5,,internet,B1,,
january,P5,,robot,B1,,🤖
january,P5,,machine,B1,,⚙️
january,P5,,program,B1,,
january,P5,,spread,B1,,
january,P5,,network,B1,,
january,P5,,file,B1,,
january,P5,,folder,B1,,
january,P5,,click,B1,,
january,P5,,type,B1,,
january,P5,,print,B1,,🖨️
january,P5,,upload,B1,,
january,P5,,download,B1,,
january,P5,,connect,B1,,
january,P5,,disconnect,B1,,
january,P5,,charge,B1,,
january,P5,,whisk,B1,,🥄
january,P5,,decorate,B1,,🎨
january,P5,,save,B1,,
january,P5,,share,B1,,🤝
january,P5,,delete,B1,,🗑️
january,P5,,reply,B1,,
january,P5,,scan,B1,,📠
january,P5,,digital,B1,,
january,P5,,online,B1,,
january,P5,,offline,B1,,
january,P5,,modern,B1,,
january,P5,,smart,B1,,
january,P5,,useful,B1,,
january,P5,,powerful,B1,,
january,P5,,wireless,B1,,
january,P5,,automatic,B1,,
january,P5,,electronic,B1,,
january,P5,,portable,B1,,
january,P5,,secure,B1,,
january,P5,,simple,B1,,
january,P5,,popular,B1,,
january,P5,,reliable,B1,,
january,P6,,banknote,B1,,
january,P6,,payment,B1,,
january,P6,,card,B1,,💌
january,P6,,contactless,B1,,
january,P6,,digital,B1,,
january,P6,,currency,B1,,
january,P6,,expense,B1,,
january,P6,,saving,B1,,
january,P6,,debt,B1,,
january,P6,,loan,B1,,
january,P6,,interest,B1,,
january,P6,,price,B1,,
january,P6,,cost,B1,,
january,P6,,value,B1,,
january,P6,,wealth,B1,,
january,P6,,poverty,B1,,
january,P6,,trade,B1,,
january,P6,,barter,B1,,
january,P6,,goods,B1,,
january,P6,,customer,B1,,
january,P6,,seller,B1,,
january,P6,,buyer,B1,,
january,P6,,market,B1,,🏪
january,P6,,shop,B1,,🏪
january,P6,,list,B1,,📋
january,P6,,tip,B1,,
january,P6,,advice,B1,,
january,P6,,goal,B1,,
january,P6,,fund,B1,,
january,P6,,cash,B1,,
january,P6,,change,B1,,🔄
january,P6,,wallet,B1,,
january,P6,,purse,B1,,
january,P6,,account,B1,,
january,P6,,balance,B1,,⚖️
january,P6,,celebrate,B1,,🎉
january,P6,,acrostic,B1,,
january,P6,,laughter,B1,,
january,P6,,noisy,B1,,
january,P6,,anniversary,B1,,
january,P6,,butterfly,B1,,🦋
january,P6,,joke,B1,,
january,P6,,concert,B1,,
january,P6,,party,B1,,🎉
january,P6,,puppet,B1,,🎭
january,P6,,sunlight,B1,,☀️
january,P6,,resources,B1,,
january,P6,,metal,B1,,
january,P6,,mineral,B1,,
january,P6,,rock,B1,,🪨
february,K1,,plow,Pre-A1,,
february,K1,,throw,Pre-A1,,🤾
february,K1,,hop,Pre-A1,,🦘
february,K1,,swim,Pre-A1,,🏊
february,K1,,crawl,Pre-A1,,🧎
february,K1,,hoop,Pre-A1,,🏀
february,K1,,dance,Pre-A1,,💃
february,K1,,sing,Pre-A1,,🎤
february,K1,,catch,Pre-A1,,🤾
february,K1,,kick,Pre-A1,,🦵
february,K1,,push,Pre-A1,,🫸
february,K1,,pull,Pre-A1,,
february,K1,,lift,Pre-A1,,🏋️
february,K1,,carry,Pre-A1,,🧳
february,K1,,hold,Pre-A1,,✊
february,K1,,touch,Pre-A1,,👆
february,K1,,turn,Pre-A1,,🔄
february,K1,,spin,Pre-A1,,🌀
february,K1,,bend,Pre-A1,,🙇
february,K1,,stretch,Pre-A1,,🧘
february,K1,,kneel,Pre-A1,,
february,K1,,climb,Pre-A1,,🧗
february,K1,,swing,Pre-A1,,🛝
february,K1,,balance,Pre-A1,,⚖️
february,K1,,juggle,Pre-A1,,
february,K1,,bounce,Pre-A1,,⛹️
february,K1,,whistle,Pre-A1,,
february,K1,,wave,Pre-A1,,
february,K1,,march,Pre-A1,,🗓️
february,K1,,skip,Pre-A1,,🤸
february,K1,,stomp,Pre-A1,,
february,K1,,tiptoe,Pre-A1,,
february,K1,,shout,Pre-A1,,
february,K1,,whisper,Pre-A1,,
february,K1,,laugh,Pre-A1,,
february,K1,,talk,Pre-A1,,🗣️
february,K1,,read,Pre-A1,,📖
february,K1,,write,Pre-A1,,✍️
february,K1,,open,Pre-A1,,🚪
february,K1,,close,Pre-A1,,
february,K1,,reach,Pre-A1,,
february,K1,,dig,Pre-A1,,🪏
february,K1,,splash,Pre-A1,,💦
february,K1,,skate,Pre-A1,,⛸️
february,K1,,pedal,Pre-A1,,
february,K1,,row,Pre-A1,,🚣
february,K1,,paddle,Pre-A1,,
february,K1,,brush,Pre-A1,,🖌️
february,K1,,comb,Pre-A1,,
february,K1,,zip,Pre-A1,,
february,K2,,sound,Pre-A1,,🔊
february,K2,,look,Pre-A1,,👀
february,K2,,smell,Pre-A1,,👃
february,K2,,taste,Pre-A1,,👅
february,K2,,loud,Pre-A1,,
february,K2,,stick,Pre-A1,,🪵
february,K2,,popcorn,Pre-A1,,
february,K2,,quiet,Pre-A1,,🤫
february,K2,,soft,Pre-A1,,🧸
february,K2,,hard,Pre-A1,,🪨
february,K2,,coconut,Pre-A1,,🥥
february,K2,,sand,Pre-A1,,
february,K2,,flashlight,Pre-A1,,
february,K2,,cinnamon,Pre-A1,,
february,K2,,vanilla,Pre-A1,,
february,K2,,perfume,Pre-A1,,
february,K2,,sweet,Pre-A1,,🍬
february,K2,,sour,Pre-A1,,🍋
february,K2,,salty,Pre-A1,,🧂
february,K2,,bitter,Pre-A1,,😖
february,K2,,spicy,Pre-A1,,
february,K2,,crunchy,Pre-A1,,
february,K2,,smooth,Pre-A1,,
february,K2,,rough,Pre-A1,,
february,K2,,sticky,Pre-A1,,
february,K2,,slippery,Pre-A1,,
february,K2,,bright,Pre-A1,,
february,K2,,dim,Pre-A1,,
february,K2,,whisper,Pre-A1,,
february,K2,,echo,Pre-A1,,
february,K2,,lake,Pre-A1,,🏞️
february,K2,,tumbler,Pre-A1,,
february,K2,,feel,Pre-A1,,🤲
february,K2,,fire,Pre-A1,,🔥
february,K2,,smells good,Pre-A1,,
february,K2,,smells bad,Pre-A1,,
february,K2,,ugly,Pre-A1,,
february,K2,,beautiful,Pre-A1,,
february,K2,,gong,Pre-A1,,
february,K2,,sing,Pre-A1,,🎤
february,K2,,tambourine,Pre-A1,,
february,K2,,stuffed toy,Pre-A1,,
february,K2,,lemon,Pre-A1,,🍋
february,K2,,chilli,Pre-A1,,
february,K2,,alarm clock,Pre-A1,,
february,K2,,headphones,Pre-A1,,
february,K2,,duster,Pre-A1,,
february,K2,,swan,Pre-A1,,
february,K2,,butterfly,Pre-A1,,🦋
february,K2,,yummy,Pre-A1,,
february,K3,,flute,A1,,🪈
february,K3,,piano,A1,,
february,K3,,mirror,A1,,
february,K3,,tambourine,A1,,
february,K3,,shaker,A1,,
february,K3,,guitar,A1,,🎸
february,K3,,violin,A1,,
february,K3,,trumpet,A1,,
february,K3,,quiet,A1,,🤫
february,K3,,tracksuit,A1,,
february,K3,,pajamas,A1,,
february,K3,,skirt,A1,,👗
february,K3,,blanket,A1,,🛏️
february,K3,,comb,A1,,
february,K3,,jeans,A1,,
february,K3,,slipper,A1,,
february,K3,,sneaker,A1,,
february,K3,,shirt,A1,,👕
february,K3,,foot,A1,,🦶
february,K3,,hook,A1,,
february,K3,,wool,A1,,
february,K3,,closet,A1,,
february,K3,,put on,A1,,👕
february,K3,,take off,A1,,🛫
february,K3,,get up,A1,,
february,K3,,wear,A1,,
february,K3,,shorts,A1,,🩳
february,K3,,dress,A1,,👗
february,K3,,t-shirt,A1,,
february,K3,,jacket,A1,,🧥
february,K3,,costume,A1,,
february,K3,,morning,A1,,
february,K3,,night,A1,,
february,K3,,glasses,A1,,
february,K3,,shelf,A1,,
february,K3,,hang,A1,,🪝
february,K3,,messy,A1,,
february,K3,,clean,A1,,✨
february,K3,,bite,A1,,
february,K3,,pirate,A1,,
february,K3,,eye patch,A1,,
february,K3,,wand,A1,,
february,K3,,cape,A1,,
february,K3,,superhero,A1,,🦸
february,K3,,fairytale,A1,,
february,K3,,ballet shoe,A1,,
february,K3,,princess,A1,,
february,K3,,king,A1,,🤴
february,K3,,crown,A1,,👑
february,K3,,basket,A1,,🧺
february,P1,Go Get Maths,sugar,A1,,
february,P1,Science,volcano,A1,,
february,P1,English,binoculars,A1,,
february,P1,Go Get Maths,tomato,A1,,🍅
february,P1,Science,mountain,A1,,⛰️
february,P1,English,bird,A1,assets/P1/bird.jpeg,🐦
february,P1,Go Get Maths,potato,A1,,🥔
february,P1,Science,lava,A1,,
february,P1,English,brown,A1,assets/P1/brown.jpeg,🟤
february,P1,Go Get Maths,cucumber,A1,,🥒
february,P1,Science,magma,A1,,
february,P1,English,camera,A1,,📷
february,P1,Go Get Maths,plan,A1,,
february,P1,Science,gem,A1,,
february,P1,English,coin,A1,,
february,P1,Go Get Maths,bowl,A1,,
february,P1,Science,layer,A1,,
february,P1,English,owl,A1,,🦉
february,P1,Go Get Maths,puppy,A1,,
february,P1,Science,crater,A1,,
february,P1,English,rice,A1,,🍚
february,P1,Go Get Maths,kitten,A1,,🐱
february,P1,Science,display,A1,,🖥️
february,P1,English,icecream,A1,,
february,P1,Go Get Maths,choose,A1,,
february,P1,Science,present,A1,assets/P1/present.jpeg,🎁
february,P1,English,giraffe,A1,assets/P1/giraffe.jpeg,🦒
february,P1,Go Get Maths,act,A1,,
february,P1,Science,collection,A1,,📦
february,P1,English,giant,A1,,🗿
february,P1,Go Get Maths,picture graph,A1,,
february,P1,Science,ecosystem,A1,,
february,P1,English,cage,A1,,🪤
february,P1,Go Get Maths,graph,A1,,📈
february,P1,Science,animal,A1,,
february,P1,English,rose,A1,assets/P1/rose.jpeg,🌹
february,P1,Go Get Maths,symbol,A1,,🔣
february,P1,Science,nest,A1,,🪹
february,P1,English,jeans,A1,,
february,P1,Go Get Maths,key,A1,,🔑
february,P1,Science,den,A1,,
february,P1,English,peacock,A1,,
february,P1,Go Get Maths,title,A1,,
february,P1,Science,burrow,A1,,
february,P1,English,monkey,A1,,
february,P1,Go Get Maths,align,A1,,
february,P1,Science,habitat,A1,,
february,P1,English,turtle,A1,assets/P1/turtle.jpeg,🐢
february,P1,Go Get Maths,data,A1,,📊
february,P1,Science,move,A1,,
february,P1,English,tiger,A1,,🐯
february,P1,Go Get Maths,survey,A1,,
february,P1,Science,camouflage,A1,,
february,P1,English,wing,A1,assets/P1/wing.jpeg,🪽
february,P1,Go Get Maths,vote,A1,,
february,P1,Science,adapt,A1,,
february,P1,English,lion,A1,,
february,P1,Go Get Maths,tally,A1,,
february,P1,Science,survive,A1,,💪
february,P1,English,hot,A1,assets/P1/hot.jpeg,🔥
february,P1,Go Get Maths,table,A1,assets/P1/table.jpeg,🪑
february,P1,Science,migrate,A1,,
february,P1,English,cold,A1,,🥶
february,P1,Go Get Maths,icon,A1,,
february,P1,Science,hibernate,A1,,
february,P1,English,neck,A1,,
february,P1,Go Get Maths,label,A1,assets/P1/label.jpeg,🏷️
february,P1,Science,pond,A1,,
february,P1,English,fur,A1,assets/P1/fur.jpeg,🧸
february,P1,Go Get Maths,fruit,A1,,🍓
february,P1,Science,coast,A1,,
february,P1,English,curl,A1,,
february,P1,Go Get Maths,pear,A1,,
february,P1,Science,island,A1,,🏝️
february,P1,English,cell phone,A1,,
february,P1,Go Get Maths,mango,A1,,🥭
february,P1,Science,valley,A1,,🏞️
february,P1,English,burn,A1,,
february,P1,Go Get Maths,banana,A1,,🍌
february,P1,Science,canyon,A1,,
february,P1,English,circus,A1,,
february,P1,Go Get Maths,grape,A1,,🍇
february,P1,Science,desert,A1,,🏜️
february,P1,English,gym,A1,,🏋️
february,P1,Go Get Maths,strawberry,A1,,🍓
february,P1,Science,forest,A1,,
february,P1,English,safari,A1,,
february,P1,Go Get Maths,cherry,A1,,🍒
february,P1,Science,glacier,A1,,
february,P1,English,city,A1,,🏙️
february,P1,Go Get Maths,lemon,A1,assets/P1/lemon.jpeg,🍋
february,P1,Science,erosion,A1,,
february,P1,English,squid,A1,,🦑
february,P1,Go Get Maths,coconut,A1,,🥥
february,P1,Science,waterfall,A1,,🏞️
february,P1,English,clap,A1,,👏
february,P1,Go Get Maths,collect,A1,,
february,P1,Science,ash,A1,,
february,P1,English,gate,A1,,🚪
february,P1,Go Get Maths,record,A1,,⏺️
february,P1,Science,hill,A1,,
february,P1,English,quiet,A1,,🤫
february,P1,Go Get Maths,read,A1,assets/P1/read.jpeg,📖
february,P1,Science,ocean,A1,,
february,P1,English,huge,A1,,
february,P1,Go Get Maths,tortoise,A1,,
february,P1,Science,poster,A1,,📜
february,P1,English,oil,A1,,
february,P1,Go Get Maths,guava,A1,,
february,P1,Science,model,A1,,
february,P1,English,cone,A1,assets/P1/cone.jpeg,🍦
february,P1,Go Get Maths,pomelo,A1,,
february,P1,Science,project,A1,,📊
february,P1,English,paper plate,A1,,
february,P1,Go Get Maths,cereal,A1,,
february,P1,Science,exhibit,A1,,
february,P1,English,pot,A1,assets/P1/pot.jpeg,🍲
february,P1,Go Get Maths,drive,A1,assets/P1/drive.jpeg,🚗
february,P1,Science,judge,A1,,👨‍⚖️
february,P1,English,circle,A1,assets/P1/circle.jpeg,⭕
february,P1,Go Get Maths,mark,A1,,
february,P1,Science,prize,A1,,
february,P1,English,egg,A1,assets/P1/egg.jpeg,🥚
february,P1,Go Get Maths,many,A1,,
february,P1,Science,badge,A1,,
february,P1,English,triangle,A1,assets/P1/triangle.jpeg,🔺
february,P1,Go Get Maths,few,A1,,
february,P1,Science,certificate,A1,,📜
february,P1,English,feet,A1,,🦶
february,P1,Go Get Maths,high,A1,,
february,P1,Science,audience,A1,,👥
february,P1,English,zigzag,A1,,
february,P1,Go Get Maths,low,A1,,
february,P1,Science,showcase,A1,,
february,P1,English,beak,A1,assets/P1/beak.jpeg,🐦
february,P1,Go Get Maths,clear,A1,,
february,P1,Science,discover,A1,,
february,P1,English,morning,A1,,
february,P1,Go Get Maths,store,A1,,
february,P1,Science,celebrate,A1,,🎉
february,P1,English,afternoon,A1,,
february,P1,Go Get Maths,favorite,A1,,
february,P1,Science,share,A1,,🤝
february,P1,English,evening,A1,,
february,P1,Go Get Maths,sandwich,A1,,🥪
february,P1,Science,scientist,A1,,🔬
february,P1,English,diary,A1,,📔
february,P1,Go Get Maths,rare,A1,,
february,P1,Science,well done,A1,,
february,P1,English,jeep,A1,,
february,P2,,apple,A2,,🍎
february,P2,,balloon,A2,,🎈
february,P2,,bat,A2,,
february,P2,,bath,A2,,🛁
february,P2,,bear,A2,,🐻
february,P2,,bin,A2,,
february,P2,,binoculars,A2,,
february,P2,,bird,A2,,🐦
february,P2,,birthday,A2,,🎂
february,P2,,black,A2,,⚫
february,P2,,blue,A2,,🔵
february,P2,,book,A2,,📖
february,P2,,boot,A2,,🥾
february,P2,,bridge,A2,,🌉
february,P2,,brother,A2,,👦
february,P2,,brown,A2,,🟤
february,P2,,carousel,A2,,
february,P2,,chip,A2,,
february,P2,,computer,A2,,💻
february,P2,,cot,A2,,
february,P2,,crocodile,A2,,🐊
february,P2,,Dad,A2,,👨
february,P2,,dance,A2,,💃
february,P2,,desert,A2,,🏜️
february,P2,,dinosaur,A2,,🦕
february,P2,,doll,A2,,🪆
february,P2,,drum,A2,,🥁
february,P2,,duck,A2,,🦆
february,P2,,family,A2,,👨‍👩‍👧‍👦
february,P2,,food,A2,,🍽️
february,P2,,fire,A2,,🔥
february,P2,,engine,A2,,
february,P2,,fog,A2,,
february,P2,,girl,A2,,👧
february,P2,,green,A2,,🟢
february,P2,,hair,A2,,💇
february,P2,,hand,A2,,✋
february,P2,,hen,A2,,🐔
february,P2,,house,A2,,🏠
february,P2,,ice cream,A2,,🍦
february,P2,,fork,A2,,🍴
february,P2,,grandma,A2,,👵
february,P2,,grandpa,A2,,👴
february,P2,,king,A2,,🤴
february,P2,,lift,A2,,🏋️
february,P2,,feather,A2,,🪶
february,P2,,bean,A2,,🫘
february,P2,,plate,A2,,🍽️
february,P2,,baseball,A2,,
february,P2,,tennis,A2,,🎾
february,P3,,postcard,A2,,
february,P3,,laptop,A2,,
february,P3,,typewriter,A2,,
february,P3,,pizza,A2,,🍕
february,P3,,spring roll,A2,,
february,P3,,farm,A2,,🚜
february,P3,,dolphin,A2,,🐬
february,P3,,family,A2,,👨‍👩‍👧‍👦
february,P3,,bin,A2,,
february,P3,,shark,A2,,
february,P3,,stopwatch,A2,,
february,P3,,peacock,A2,,
february,P3,,microchip,A2,,
february,P3,,landline,A2,,
february,P3,,party hat,A2,,🎉
february,P3,,glasses,A2,,
february,P3,,granfather,A2,,
february,P3,,clothes,A2,,
february,P3,,softdrink,A2,,
february,P3,,decoration,A2,,
february,P3,,fruit stick,A2,,
february,P3,,paper plate,A2,,
february,P3,,cough,A2,,
february,P3,,village,A2,,🏘️
february,P3,,stamp,A2,,📮
february,P3,,print,A2,,🖨️
february,P3,,headphones,A2,,
february,P3,,earpods,A2,,
february,P3,,balloon,A2,,🎈
february,P3,,board game,A2,,
february,P3,,draw,A2,,✏️
february,P3,,tea,A2,,🍵
february,P3,,tiny,A2,,
february,P3,,letter,A2,,
february,P3,,handwrite,A2,,
february,P3,,pen,A2,,🖊️
february,P3,,spinner,A2,,
february,P3,,winter,A2,,
february,P3,,summer,A2,,☀️
february,P3,,pile,A2,,📚
february,P3,,party,A2,,🎉
february,P3,,text,A2,,
february,P3,,app,A2,,
february,P3,,food,A2,,🍽️
february,P3,,house,A2,,🏠
february,P3,,hand,A2,,✋
february,P3,,email,A2,,
february,P3,,type,A2,,
february,P3,,computer game,A2,,
february,P3,,punctuation,A2,,
february,P4,,trip,A2,,
february,P4,,zoo,A2,,🦁
february,P4,,theatre,A2,,🎭
february,P4,,planetarium,A2,,
february,P4,,oven,A2,,
february,P4,,bus,A2,,🚌
february,P4,,beach,A2,,🏖️
february,P4,,museum,A2,,🏛️
february,P4,,football stadium,A2,,
february,P4,,activity centre,A2,,
february,P4,,letter,A2,,
february,P4,,countryside,A2,,
february,P4,,wifi,A2,,
february,P4,,lake,A2,,🏞️
february,P4,,mountain,A2,,⛰️
february,P4,,owl,A2,,🦉
february,P4,,pea,A2,,
february,P4,,honey,A2,,🍯
february,P4,,money,A2,,💰
february,P4,,note,A2,,
february,P4,,painter,A2,,
february,P4,,grandparent,A2,,
february,P4,,clothes,A2,,
february,P4,,boot,A2,,🥾
february,P4,,postcard,A2,,
february,P4,,tourist,A2,,
february,P4,,airport,A2,,
february,P4,,restaurant,A2,,
february,P4,,coral reef,A2,,
february,P4,,rainforest,A2,,🌴
february,P4,,bike,A2,,🚲
february,P4,,suitcase,A2,,
february,P4,,ht,A2,,
february,P4,,sandwich,A2,,🥪
february,P4,,shoes,A2,,👟
february,P4,,bedding,A2,,
february,P4,,lifejacket,A2,,
february,P4,,badge,A2,,
february,P4,,sea,A2,,
february,P4,,glass,A2,,🥛
february,P4,,milk,A2,,🥛
february,P4,,raincoat,A2,,🧥
february,P4,,pencil,A2,,✏️
february,P4,,jersey,A2,,
february,P4,,pen,A2,,🖊️
february,P4,,giraffe,A2,,🦒
february,P4,,jeep,A2,,
february,P4,,trash,A2,,🗑️
february,P4,,treetop,A2,,
february,P4,,grumpy,A2,,😠
february,P5,,umbrella,B1,,☂️
february,P5,,raincoat,B1,,🧥
february,P5,,boots,B1,,🥾
february,P5,,gloves,B1,,
february,P5,,scarf,B1,,🧣
february,P5,,sweater,B1,,🧶
february,P5,,jacket,B1,,🧥
february,P5,,coat,B1,,🧥
february,P5,,shorts,B1,,🩳
february,P5,,emergency,B1,,
february,P5,,sunshine,B1,,
february,P5,,cloud,B1,,☁️
february,P5,,rainbow,B1,,🌈
february,P5,,storm,B1,,⛈️
february,P5,,breeze,B1,,
february,P5,,thunder,B1,,⛈️
february,P5,,lightning,B1,,⚡
february,P5,,attack,B1,,
february,P5,,season,B1,,🍂
february,P5,,forecast,B1,,
february,P5,,wear,B1,,
february,P5,,fold,B1,,📄
february,P5,,button,B1,,🔘
february,P5,,zip,B1,,
february,P5,,dry,B1,,🏜️
february,P5,,melt,B1,,
february,P5,,freeze,B1,,
february,P5,,accident,B1,,💥
february,P5,,rain,B1,,🌧️
february,P5,,snow,B1,,❄️
february,P5,,blow,B1,,
february,P5,,headache,B1,,
february,P5,,paramedic,B1,,🚑
february,P5,,warm,B1,,🌤️
february,P5,,cool,B1,,
february,P5,,rainy,B1,,🌧️
february,P5,,sunny,B1,,☀️
february,P5,,cloudy,B1,,☁️
february,P5,,windy,B1,,💨
february,P5,,foggy,B1,,🌫️
february,P5,,icy,B1,,
february,P5,,freezing,B1,,
february,P5,,label,B1,,🏷️
february,P5,,magazine,B1,,📰
february,P5,,wet,B1,,💧
february,P5,,equipment,B1,,
february,P5,,thick,B1,,📚
february,P5,,thin,B1,,📏
february,P5,,soft,B1,,🧸
february,P5,,cozy,B1,,
february,P6,,diamond,B1,,
february,P6,,copper,B1,,
february,P6,,happiness,B1,,
february,P6,,pleasure,B1,,
february,P6,,brilliance,B1,,
february,P6,,culture,B1,,
february,P6,,energy,B1,,⚡
february,P6,,fireworks,B1,,
february,P6,,birthday,B1,,🎂
february,P6,,anger,B1,,
february,P6,,passion,B1,,
february,P6,,leather,B1,,
february,P6,,porcelain,B1,,
february,P6,,glass,B1,,🥛
february,P6,,confidence,B1,,
february,P6,,alien,B1,,
february,P6,,comedy,B1,,
february,P6,,comedian,B1,,
february,P6,,underwater,B1,,🌊
february,P6,,waterproof,B1,,
february,P6,,mermaid,B1,,
february,P6,,submarine,B1,,
february,P6,,nasty,B1,,
february,P6,,choreographer,B1,,
february,P6,,tour,B1,,
february,P6,,music,B1,,🎵
february,P6,,town,B1,,🏘️
february,P6,,funny,B1,,
february,P6,,drummer,B1,,
february,P6,,flash mob,B1,,
february,P6,,outfit,B1,,
february,P6,,silly,B1,,
february,P6,,classical,B1,,
february,P6,,art,B1,,🎨
february,P6,,emotion,B1,,
february,P6,,trumpet,B1,,
february,P6,,shape,B1,,🔷
february,P6,,jazz,B1,,
february,P6,,painter,B1,,
february,P6,,sound,B1,,🔊
february,P6,,sunshine,B1,,
february,P6,,homophone,B1,,
february,P6,,homograph,B1,,
february,P6,,genre,B1,,
february,P6,,fiction,B1,,
february,P6,,poetry,B1,,
february,P6,,population,B1,,
february,P6,,connectivity,B1,,
february,P6,,scarecrow,B1,,🎃
february,P6,,debate,B1,,
march,K1,,flashcard,Pre-A1,,🃏
march,K1,,furniture,Pre-A1,,
march,K1,,greetings,Pre-A1,,
march,K1,,newspaper,Pre-A1,,📰
march,K1,,pineapple,Pre-A1,,
march,K1,,rectangle,Pre-A1,,▭
march,K1,,scarecrow,Pre-A1,assets/K1/scarecrow.jpg,🎃
march,K1,,slideshow,Pre-A1,,📽️
march,K1,,telephone,Pre-A1,assets/K1/telephone.jpg,☎️
march,K1,,vegetable,Pre-A1,,
march,K1,,yesterday,Pre-A1,,
march,K1,,experiment,Pre-A1,,🧪
march,K1,,playground,Pre-A1,,🛝
march,K1,,television,Pre-A1,,
march,K1,,grandfather,Pre-A1,,
march,K1,,grandmother,Pre-A1,,
march,K1,,shuttlecock,Pre-A1,,
march,K1,,supermarket,Pre-A1,,
march,K1,,transportation,Pre-A1,,🚌
march,K1,,put on,Pre-A1,assets/K1/put_on.jpeg,👕
march,K1,,toy box,Pre-A1,,
march,K1,,clean up,Pre-A1,,
march,K1,,letter d,Pre-A1,assets/K1/letter_d.jpeg,🅳
march,K1,,letter e,Pre-A1,assets/K1/letter_e.jpeg,🅴
march,K1,,letter f,Pre-A1,assets/K1/letter_f.jpeg,🅵
march,K1,,letter h,Pre-A1,assets/K1/letter_h.jpg,🅷
march,K1,,letter i,Pre-A1,assets/K1/letter_i.jpg,🅸
march,K1,,letter m,Pre-A1,,
march,K1,,letter n,Pre-A1,,
march,K1,,letter o,Pre-A1,,
march,K1,,letter p,Pre-A1,,
march,K1,,letter q,Pre-A1,,
march,K1,,letter r,Pre-A1,,
march,K1,,letter s,Pre-A1,,
march,K1,,letter t,Pre-A1,,
march,K1,,letter u,Pre-A1,,
march,K1,,sit down,Pre-A1,,🪑
march,K1,,ice cream,Pre-A1,,🍦
march,K1,,party hat,Pre-A1,,🎉
march,K1,,thank you,Pre-A1,assets/K1/thank_you.jpeg,🙏
march,K1,,monkey bar,Pre-A1,,🐒
march,K1,,paper bird,Pre-A1,,
march,K1,,paper clip,Pre-A1,,📎
march,K1,,paper kite,Pre-A1,,
march,K1,,teddy bear,Pre-A1,assets/K1/teddy_bear.jpeg,🧸
march,K1,,paper plane,Pre-A1,,
march,K1,,pencil case,Pre-A1,,
march,K1,,soccer ball,Pre-A1,,
march,K1,,watering can,Pre-A1,,
march,K1,,classroom object,Pre-A1,,
march,K2,,swimsuit,Pre-A1,,
march,K2,,Thursday,Pre-A1,,📅
march,K2,,triangle,Pre-A1,assets/K2/triangle.jpeg,🔺
march,K2,,umbrella,Pre-A1,,☂️
march,K2,,beautiful,Pre-A1,,
march,K2,,butterfly,Pre-A1,,🦋
march,K2,,classroom,Pre-A1,assets/K2/classroom.jpg,🏫
march,K2,,detergent,Pre-A1,,
march,K2,,fireplace,Pre-A1,,🔥
march,K2,,hopscotch,Pre-A1,,
march,K2,,milkshake,Pre-A1,,🥤
march,K2,,rectangle,Pre-A1,assets/K2/rectangle.jpeg,▭
march,K2,,scarecrow,Pre-A1,,🎃
march,K2,,seventeen,Pre-A1,,1️⃣7️⃣
march,K2,,sleveless,Pre-A1,,
march,K2,,stockings,Pre-A1,,
march,K2,,sunflower,Pre-A1,,🌻
march,K2,,vegetable,Pre-A1,,🥦
march,K2,,Wednesday,Pre-A1,,📅
march,K2,,clothespin,Pre-A1,,
march,K2,,flashlight,Pre-A1,,
march,K2,,headphones,Pre-A1,,
march,K2,,playground,Pre-A1,assets/K2/playground.jpeg,🛝
march,K2,,strawberry,Pre-A1,,🍓
march,K2,,sunglasses,Pre-A1,,🕶️
march,K2,,tambourine,Pre-A1,,
march,K2,,trampoline,Pre-A1,assets/K2/trampoline.jpeg,🤸
march,K2,,clothesline,Pre-A1,,
march,K2,,temperature,Pre-A1,,🌡️
march,K2,,wheelbarrow,Pre-A1,,
march,K2,,line up,Pre-A1,assets/K2/line_up.jpeg,🚶
march,K2,,great job,Pre-A1,assets/K2/great_job.jpeg,👏
march,K2,,flower pot,Pre-A1,,
march,K2,,monkey bar,Pre-A1,assets/K2/monkey_bar.jpeg,🐒
march,K2,,smells bad,Pre-A1,,
march,K2,,teddy bear,Pre-A1,assets/K2/teddy_bear.jpeg,🧸
march,K2,,water lily,Pre-A1,,
march,K2,,alarm clock,Pre-A1,,
march,K2,,blow bubble,Pre-A1,assets/K2/blow_bubble.jpeg,🫧
march,K2,,drink water,Pre-A1,,
march,K2,,plastic tub,Pre-A1,,
march,K2,,smells good,Pre-A1,,
march,K2,,stuffed toy,Pre-A1,,
march,K2,,watering can,Pre-A1,,
march,K2,,chopping board,Pre-A1,,
march,K2,,feeding bottle,Pre-A1,assets/K2/feeding_bottle.jpg,🍼
march,K2,,laundry basket,Pre-A1,,
march,K2,,washing machine,Pre-A1,,🧺
march,K2,,weather forecast,Pre-A1,,📺
march,K2,,kid (baby goat),Pre-A1,,
march,K3,,act,A2,,
march,K3,,app,A2,,
march,K3,,bar,A2,,
march,K3,,bin,A2,,
march,K3,,bit,A2,,
march,K3,,cry,A2,,
march,K3,,fan,A2,,
march,K3,,fit,A2,,
march,K3,,fix,A2,,
march,K3,,flu,A2,,
march,K3,,gap,A2,,
march,K3,,gas,A2,,
march,K3,,guy,A2,,
march,K3,,ill,A2,,
march,K3,,jam,A2,,
march,K3,,kid,A2,,
march,K3,,lab,A2,,
march,K3,,low,A2,,
march,K3,,nut,A2,,
march,K3,,oil,A2,,
march,K3,,pet,A2,,
march,K3,,pop,A2,,
march,K3,,sir,A2,,
march,K3,,ski,A2,,
march,K3,,tie,A2,,
march,K3,,tip,A2,,
march,K3,,top,A2,,
march,K3,,van,A2,,
march,K3,,web,A2,,
march,K3,,wet,A2,,
march,K3,,able,A2,,
march,K3,,bean,A2,,
march,K3,,beat,A2,,
march,K3,,belt,A2,,
march,K3,,blow,A2,,
march,K3,,boil,A2,,
march,K3,,bone,A2,,
march,K3,,burn,A2,,
march,K3,,camp,A2,,
march,K3,,case,A2,,
march,K3,,chat,A2,,
march,K3,,chip,A2,,
march,K3,,code,A2,,
march,K3,,copy,A2,,
march,K3,,data,A2,,
march,K3,,deep,A2,,
march,K3,,drop,A2,,
march,K3,,earn,A2,,
march,K3,,fail,A2,,
march,K3,,fair,A2,,
march,P1,Go Get Maths,thirty-six,A2,,
march,P1,Go Get Maths,thirty-two,A2,,
march,P1,Go Get Maths,twenty-one,A2,,
march,P1,Go Get Maths,twenty-six,A2,,
march,P1,Go Get Maths,twenty-two,A2,,
march,P1,Go Get Maths,impossible,A2,,
march,P1,Go Get Maths,reflection,A2,,
march,P1,Go Get Maths,thirty-five,A2,,
march,P1,Go Get Maths,thirty-four,A2,,
march,P1,Go Get Maths,twenty-five,A2,,
march,P1,Go Get Maths,twenty-four,A2,,
march,P1,Go Get Maths,twenty-nine,A2,,
march,P1,Go Get Maths,probability,A2,,
march,P1,Go Get Maths,thirty-eight,A2,,
march,P1,Go Get Maths,thirty-seven,A2,,
march,P1,Go Get Maths,thirty-three,A2,,
march,P1,Go Get Maths,twenty-eight,A2,,
march,P1,Go Get Maths,twenty-seven,A2,,
march,P1,Go Get Maths,twenty-three,A2,,
march,P1,Go Get Maths,anticlockwise,A2,,
march,P1,Go Get Maths,one half,A2,,
march,P1,Go Get Maths,bar chart,A2,,
march,P1,Go Get Maths,full turn,A2,,
march,P1,Go Get Maths,half past,A2,,
march,P1,Go Get Maths,half turn,A2,,
march,P1,Go Get Maths,one third,A2,,
march,P1,Go Get Maths,plus sign,A2,,
march,P1,Go Get Maths,ten frame,A2,,
march,P1,Go Get Maths,equal sign,A2,,
march,P1,Go Get Maths,fair share,A2,,
march,P1,Go Get Maths,five frame,A2,,
march,P1,Go Get Maths,minus sign,A2,,
march,P1,Go Get Maths,quarter to,A2,,
march,P1,Go Get Maths,two halves,A2,,
march,P1,Go Get Maths,dot pattern,A2,,
march,P1,Go Get Maths,equal parts,A2,,
march,P1,Go Get Maths,math symbol,A2,,
march,P1,Go Get Maths,mirror line,A2,,
march,P1,Go Get Maths,number card,A2,,
march,P1,Go Get Maths,number grid,A2,,
march,P1,Go Get Maths,one quarter,A2,,
march,P1,Go Get Maths,repeat unit,A2,,
march,P1,Go Get Maths,equal groups,A2,,
march,P1,Go Get Maths,quarter past,A2,,
march,P1,Go Get Maths,quarter turn,A2,,
march,P1,Go Get Maths,four quarters,A2,,
march,P1,Go Get Maths,hundred chart,A2,,
march,P1,Go Get Maths,measuring tape,A2,,
march,P1,Go Get Maths,growing pattern,A2,,
march,P1,Go Get Maths,shrinking pattern,A2,,
march,P1,Science,condense,A2,,
march,P1,Science,consumer,A2,,
march,P1,Science,daylight,A2,,
march,P1,Science,electric,A2,,
march,P1,Science,flexible,A2,,
march,P1,Science,forecast,A2,,
march,P1,Science,friction,A2,,
march,P1,Science,hospital,A2,,
march,P1,Science,landform,A2,,
march,P1,Science,predator,A2,,
march,P1,Science,producer,A2,,
march,P1,Science,rainfall,A2,,
march,P1,Science,rotation,A2,,
march,P1,Science,separate,A2,,
march,P1,Science,absorbent,A2,,
march,P1,Science,breathing,A2,,
march,P1,Science,evaporate,A2,,
march,P1,Science,heartbeat,A2,,
march,P1,Science,migration,A2,,
march,P1,Science,offspring,A2,,
march,P1,Science,renewable,A2,,
march,P1,Science,satellite,A2,,
march,P1,Science,adaptation,A2,,
march,P1,Science,spacecraft,A2,,
march,P1,Science,toothbrush,A2,,
march,P1,Science,toothpaste,A2,,
march,P1,Science,electricity,A2,,
march,P1,Science,hibernation,A2,,
march,P1,Science,thermometer,A2,,
march,P1,Science,transparent,A2,,
march,P1,Science,carbohydrate,A2,,
march,P1,Science,non-absorbent,A2,,
march,P1,Science,food web,A2,,
march,P1,Science,soil type,A2,,
march,P1,Science,wind vane,A2,,
march,P1,Science,cloud type,A2,,
march,P1,Science,food chain,A2,,
march,P1,Science,life stage,A2,,
march,P1,Science,north pole,A2,,
march,P1,Science,rain gauge,A2,,
march,P1,Science,south pole,A2,,
march,P1,Science,magnet pole,A2,,
march,P1,Science,water cycle,A2,,
march,P1,Science,wind energy,A2,,
march,P1,Science,solar energy,A2,,
march,P1,Science,solar system,A2,,
march,P1,Science,balanced diet,A2,,
march,P1,Science,energy source,A2,,
march,P1,Science,weather chart,A2,,
march,P1,Science,temperature scale,A2,,
march,P1,English,roof,A2,,
march,P1,English,rude,A2,,
march,P1,English,safe,A2,,🦺
march,P1,English,sail,A2,,
march,P1,English,sale,A2,,
march,P1,English,save,A2,,
march,P1,English,seat,A2,,
march,P1,English,seem,A2,,
march,P1,English,shut,A2,,
march,P1,English,side,A2,assets/P1/side.jpeg,
march,P1,English,sign,A2,,
march,P1,English,site,A2,,
march,P1,English,size,A2,assets/P1/size.jpeg,
march,P1,English,skin,A2,assets/P1/skin.jpeg,🧴
march,P1,English,soap,A2,,🧼
march,P1,English,soft,A2,,
march,P1,English,sort,A2,assets/P1/sort.jpeg,🗂️
march,P1,English,step,A2,,
march,P1,English,suit,A2,,
march,P1,English,task,A2,,
march,P1,English,term,A2,,
march,P1,English,tidy,A2,,
march,P1,English,tool,A2,,
march,P1,English,tour,A2,,
march,P1,English,twin,A2,,
march,P1,English,unit,A2,,
march,P1,English,user,A2,,
march,P1,English,view,A2,,
march,P1,English,wave,A2,,
march,P1,English,weak,A2,,
march,P1,English,wide,A2,,
march,P1,English,wild,A2,,
march,P1,English,wish,A2,,
march,P1,English,allow,A2,,
march,P1,English,alone,A2,,
march,P1,English,ankle,A2,,
march,P1,English,apply,A2,,
march,P1,English,argue,A2,,
march,P1,English,avoid,A2,,
march,P1,English,award,A2,,
march,P1,English,awful,A2,,
march,P1,English,based,A2,,
march,P1,English,birth,A2,,
march,P1,English,blank,A2,,
march,P1,English,blood,A2,assets/P1/blood.jpeg,🩸
march,P1,English,board,A2,,
march,P1,English,brain,A2,assets/P1/brain.jpeg,🧠
march,P1,English,catch,A2,,🤾
march,P1,English,cause,A2,,
march,P1,English,clear,A2,,
march,P2,,September,A2,,🗓️
march,P2,,seventeen,A2,assets/P2/seventeen.jpeg,1️⃣7️⃣
march,P2,,superhero,A2,assets/P2/superhero.jpeg,🦸
march,P2,,thirtieth,A2,,3️⃣0️⃣
march,P2,,timetable,A2,,
march,P2,,toothache,A2,,
march,P2,,transport,A2,,🚌
march,P2,,binoculars,A2,,
march,P2,,centimeter,A2,assets/P2/centimeter.jpeg,📏
march,P2,,classrooms,A2,,
march,P2,,microscope,A2,,🔬
march,P2,,sandcastle,A2,,
march,P2,,sunglasses,A2,,🕶️
march,P2,,television,A2,,📺
march,P2,,certificate,A2,,📜
march,P2,,firefighter,A2,assets/P2/firefighter.jpeg,👨‍🚒
march,P2,,temperature,A2,,🌡️
march,P2,,twenty-first,A2,,2️⃣1️⃣
march,P2,,twenty-sixth,A2,,2️⃣6️⃣
march,P2,,twenty-third,A2,,2️⃣3️⃣
march,P2,,twenty-fourth,A2,,2️⃣4️⃣
march,P2,,twenty-second,A2,,2️⃣2️⃣
march,P2,,twenty-seventh,A2,,2️⃣7️⃣
march,P2,,way in,A2,assets/P2/way_in.jpeg,➡️
march,P2,,way out,A2,assets/P2/way_out.jpeg,🚪
march,P2,,first aid,A2,assets/P2/first_aid.jpeg,🩹
march,P2,,ice cream,A2,,🍦
march,P2,,long jump,A2,,🤸
march,P2,,main hall,A2,assets/P2/main_hall.jpeg,🏛️
march,P2,,sack race,A2,,🏃
march,P2,,sun cream,A2,,
march,P2,,dry leaves,A2,,
march,P2,,pine cones,A2,,
march,P2,,water park,A2,,🏊
march,P2,,early years,A2,assets/P2/early_years.jpeg,
march,P2,,hurdle race,A2,,🏃
march,P2,,media drama,A2,assets/P2/media_drama.jpeg,🎬
march,P2,,sore throat,A2,,
march,P2,,yoga studio,A2,assets/P2/yoga_studio.jpeg,🧘
march,P2,,sports field,A2,assets/P2/sports_field.jpeg,🏟️
march,P2,,stick insect,A2,,
march,P2,,twenty- eight,A2,,2️⃣8️⃣
march,P2,,twenty- fifth,A2,,2️⃣5️⃣
march,P2,,twenty- ninth,A2,,2️⃣9️⃣
march,P2,,waiting room,A2,,
march,P2,,javelin throw,A2,,🥇
march,P2,,traffic light,A2,,🚦
march,P2,,police officer,A2,assets/P2/police_officer.jpeg,👮
march,P2,,volleyball court,A2,assets/P2/volleyball_court.jpeg,🏐
march,P2,,in front of,A2,assets/P2/in_front_of.jpeg,
march,P3,,ad,B1,,
march,P3,,go,B1,,
march,P3,,IT,B1,,
march,P3,,age,B1,,
march,P3,,aim,B1,,
march,P3,,ban,B1,,
march,P3,,bee,B1,,
march,P3,,cap,B1,,
march,P3,,cut,B1,,
march,P3,,due,B1,,
march,P3,,far,B1,,
march,P3,,fry,B1,,
march,P3,,fur,B1,,
march,P3,,key,B1,,
march,P3,,lay,B1,,
march,P3,,lip,B1,,
march,P3,,mad,B1,,
march,P3,,mix,B1,,
march,P3,,mud,B1,,
march,P3,,net,B1,,
march,P3,,odd,B1,,
march,P3,,pan,B1,,
march,P3,,pin,B1,,
march,P3,,row,B1,,
march,P3,,shy,B1,,
march,P3,,tax,B1,,
march,P3,,tin,B1,,
march,P3,,toe,B1,,
march,P3,,aged,B1,,
march,P3,,base,B1,,
march,P3,,weak,B1,,
march,P3,,wide,B1,,
march,P3,,wild,B1,,
march,P3,,wish,B1,,
march,P3,,adult,B1,,
march,P3,,allow,B1,,
march,P3,,alone,B1,,
march,P3,,ankle,B1,,
march,P3,,apply,B1,,
march,P3,,argue,B1,,
march,P3,,avoid,B1,,
march,P3,,award,B1,,
march,P3,,awful,B1,,
march,P3,,based,B1,,
march,P3,,birth,B1,,
march,P3,,blank,B1,,
march,P3,,blood,B1,,
march,P3,,board,B1,,
march,P3,,brain,B1,,
march,P3,,brush,B1,,
march,P4,,port,B1,,
march,P4,,pray,B1,,
march,P4,,quit,B1,,
march,P4,,rare,B1,,
march,P4,,rent,B1,,
march,P4,,risk,B1,,
march,P4,,roll,B1,,
march,P4,,rope,B1,,
march,P4,,rule,B1,,
march,P4,,sand,B1,,
march,P4,,scan,B1,,
march,P4,,seed,B1,,
march,P4,,sink,B1,,
march,P4,,slow,B1,,
march,P4,,soil,B1,,
march,P4,,tape,B1,,
march,P4,,tend,B1,,
march,P4,,tiny,B1,,
march,P4,,tube,B1,,
march,P4,,type,B1,,
march,P4,,tyre,B1,,
march,P4,,ugly,B1,,
march,P4,,used,B1,,
march,P4,,vote,B1,,
march,P4,,warm,B1,,
march,P4,,warn,B1,,
march,P4,,wing,B1,,
march,P4,,wool,B1,,
march,P4,,yard,B1,,
march,P4,,admit,B1,,
march,P4,,agent,B1,,
march,P4,,alarm,B1,,
march,P4,,album,B1,,
march,P4,,annoy,B1,,
march,P4,,aware,B1,,
march,P4,,basic,B1,,
march,P4,,basis,B1,,
march,P4,,block,B1,,
march,P4,,brand,B1,,
march,P4,,brave,B1,,
march,P4,,chain,B1,,
march,P4,,cheat,B1,,
march,P4,,chest,B1,,
march,P4,,claim,B1,,
march,P4,,clear,B1,,
march,P4,,click,B1,,
march,P4,,climb,B1,,
march,P4,,coach,B1,,
march,P4,,count,B1,,
march,P4,,court,B1,,
march,P5,,deeply,B2,,
march,P5,,notion,B2,,
march,P5,,partly,B2,,
march,P5,,vision,B2,,
march,P5,,widely,B2,,
march,P5,,closely,B2,,
march,P5,,largely,B2,,
march,P5,,rapidly,B2,,
march,P5,,upwards,B2,,
march,P5,,warning,B2,,
march,P5,,western,B2,,
march,P5,,written,B2,,
march,P5,,academic,B2,,
march,P5,,advanced,B2,,
march,P5,,analysis,B2,,
march,P5,,announce,B2,,
march,P5,,annoying,B2,,
march,P5,,attitude,B2,,
march,P5,,careless,B2,,
march,P5,,category,B2,,
march,P5,,ceremony,B2,,
march,P5,,champion,B2,,
march,P5,,cheerful,B2,,
march,P5,,coloured,B2,,
march,P5,,commonly,B2,,
march,P5,,conclude,B2,,
march,P5,,confused,B2,,
march,P5,,consumer,B2,,
march,P5,,contrast,B2,,
march,P5,,convince,B2,,
march,P5,,entirely,B2,,
march,P5,,somewhat,B2,,
march,P5,,basically,B2,,
march,P5,,downwards,B2,,
march,P5,,elsewhere,B2,,
march,P5,,gradually,B2,,
march,P5,,initially,B2,,
march,P5,,otherwise,B2,,
march,P5,,complicated,B2,,
march,P5,,demonstrate,B2,,
march,P5,,fundamental,B2,,
march,P5,,participant,B2,,
march,P5,,significant,B2,,
march,P5,,surrounding,B2,,
march,P5,,contemporary,B2,,
march,P5,,enthusiastic,B2,,
march,P5,,professional,B2,,
march,P5,,psychologist,B2,,
march,P5,,extraordinary,B2,,
march,P5,,characteristic,B2,,
march,P6,,achievement,B2,,
march,P6,,acknowledge,B2,,
march,P6,,appointment,B2,,
march,P6,,appropriate,B2,,
march,P6,,association,B2,,
march,P6,,celebration,B2,,
march,P6,,combination,B2,,
march,P6,,competitive,B2,,
march,P6,,consequence,B2,,
march,P6,,destination,B2,,
march,P6,,development,B2,,
march,P6,,examination,B2,,
march,P6,,expectation,B2,,
march,P6,,exploration,B2,,
march,P6,,furthermore,B2,,
march,P6,,improvement,B2,,
march,P6,,institution,B2,,
march,P6,,measurement,B2,,
march,P6,,observation,B2,,
march,P6,,performance,B2,,
march,P6,,perspective,B2,,
march,P6,,preparation,B2,,
march,P6,,publication,B2,,
march,P6,,requirement,B2,,
march,P6,,reservation,B2,,
march,P6,,translation,B2,,
march,P6,,announcement,B2,,
march,P6,,circumstance,B2,,
march,P6,,conservative,B2,,
march,P6,,contribution,B2,,
march,P6,,deliberately,B2,,
march,P6,,distribution,B2,,
march,P6,,illustration,B2,,
march,P6,,increasingly,B2,,
march,P6,,intelligence,B2,,
march,P6,,nevertheless,B2,,
march,P6,,occasionally,B2,,
march,P6,,presentation,B2,,
march,P6,,unemployment,B2,,
march,P6,,accommodation,B2,,
march,P6,,communication,B2,,
march,P6,,concentration,B2,,
march,P6,,consideration,B2,,
march,P6,,entertainment,B2,,
march,P6,,investigation,B2,,
march,P6,,significantly,B2,,
march,P6,,administration,B2,,
march,P6,,recommendation,B2,,
march,P6,,representative,B2,,
march,P6,,responsibility,B2,,
april,K1,,who,Pre-A1,assets/K1/who.jpeg,❓
april,K1,,yes,Pre-A1,assets/K1/yes.jpeg,✅
april,K1,,zip,Pre-A1,,
april,K1,,baby,Pre-A1,assets/K1/baby.jpeg,👶
april,K1,,ball,Pre-A1,assets/K1/ball.jpeg,⚽
april,K1,,bear,Pre-A1,,🐻
april,K1,,bend,Pre-A1,,🙇
april,K1,,bike,Pre-A1,,🚲
april,K1,,bird,Pre-A1,assets/K1/bird.jpeg,🐦
april,K1,,blue,Pre-A1,assets/K1/blue.jpeg,🔵
april,K1,,boat,Pre-A1,assets/K1/boat.jpeg,⛵
april,K1,,body,Pre-A1,assets/K1/body.jpeg,🧍
april,K1,,book,Pre-A1,assets/K1/book.jpeg,📖
april,K1,,bush,Pre-A1,,
april,K1,,clap,Pre-A1,assets/K1/clap.jpeg,👏
april,K1,,coat,Pre-A1,assets/K1/coat.jpeg,🧥
april,K1,,comb,Pre-A1,,
april,K1,,crab,Pre-A1,,🦀
april,K1,,deer,Pre-A1,,
april,K1,,desk,Pre-A1,assets/K1/desk.jpeg,🪑
april,K1,,doll,Pre-A1,assets/K1/doll.jpeg,🪆
april,K1,,door,Pre-A1,assets/K1/door.jpeg,🚪
april,K1,,draw,Pre-A1,assets/K1/draw.jpeg,✏️
april,K1,,duck,Pre-A1,assets/K1/duck.jpeg,🦆
april,K1,,ears,Pre-A1,,
april,K1,,eyes,Pre-A1,,
april,K1,,face,Pre-A1,assets/K1/face.jpeg,😀
april,K1,,farm,Pre-A1,assets/K1/farm.jpeg,🚜
april,K1,,fast,Pre-A1,,💨
april,K1,,find,Pre-A1,assets/K1/find.jpeg,🔍
april,K1,,fine,Pre-A1,assets/K1/fine.jpeg,👌
april,K1,,fish,Pre-A1,assets/K1/fish.jpeg,🐟
april,K1,,five,Pre-A1,assets/K1/five.jpg,5️⃣
april,K1,,flap,Pre-A1,assets/K1/flap.jpeg,🪽
april,K1,,foot,Pre-A1,assets/K1/foot.jpeg,🦶
april,K1,,fork,Pre-A1,assets/K1/fork.jpeg,🍴
april,K1,,four,Pre-A1,assets/K1/four.jpeg,4️⃣
april,K1,,frog,Pre-A1,,🐸
april,K1,,gift,Pre-A1,assets/K1/gift.jpeg,🎁
april,K1,,girl,Pre-A1,assets/K1/girl.jpeg,👧
april,K1,,glue,Pre-A1,,🩹
april,K1,,goat,Pre-A1,assets/K1/goat.jpeg,🐐
april,K1,,hair,Pre-A1,assets/K1/hair.jpeg,💇
april,K1,,hand,Pre-A1,assets/K1/hand.jpeg,✋
april,K1,,hard,Pre-A1,assets/K1/hard.jpg,🪨
april,K1,,head,Pre-A1,assets/K1/head.jpeg,🧑
april,K1,,help,Pre-A1,assets/K1/help.jpeg,🤝
april,K1,,hill,Pre-A1,,
april,K1,,hold,Pre-A1,,✊
april,K1,,hoop,Pre-A1,,🏀
april,K2,,chop,Pre-A1,,
april,K2,,coat,Pre-A1,,🧥
april,K2,,cold,Pre-A1,,🥶
april,K2,,cook,Pre-A1,,👨‍🍳
april,K2,,coop,Pre-A1,,
april,K2,,door,Pre-A1,assets/K2/door.jpeg,🚪
april,K2,,draw,Pre-A1,assets/K2/draw.jpeg,✏️
april,K2,,drum,Pre-A1,assets/K2/drum.jpeg,🥁
april,K2,,ears,Pre-A1,,
april,K2,,echo,Pre-A1,,
april,K2,,eyes,Pre-A1,,
april,K2,,fall,Pre-A1,,
april,K2,,farm,Pre-A1,,🚜
april,K2,,feel,Pre-A1,,🤲
april,K2,,fire,Pre-A1,,🔥
april,K2,,fish,Pre-A1,assets/K2/fish.jpeg,🐟
april,K2,,five,Pre-A1,assets/K2/five.jpeg,5️⃣
april,K2,,fold,Pre-A1,,📄
april,K2,,food,Pre-A1,assets/K2/food.jpeg,🍽️
april,K2,,four,Pre-A1,assets/K2/four.jpeg,4️⃣
april,K2,,frog,Pre-A1,assets/K2/frog.jpeg,🐸
april,K2,,gate,Pre-A1,,🚪
april,K2,,gift,Pre-A1,assets/K2/gift.jpeg,🎁
april,K2,,girl,Pre-A1,assets/K2/girl.jpeg,👧
april,K2,,goat,Pre-A1,,🐐
april,K2,,gong,Pre-A1,,
april,K2,,gray,Pre-A1,assets/K2/gray.jpeg,🩶
april,K2,,hard,Pre-A1,,🪨
april,K2,,hive,Pre-A1,,
april,K2,,hole,Pre-A1,,🕳️
april,K2,,horn,Pre-A1,,🐂
april,K2,,hose,Pre-A1,,🚿
april,K2,,idea,Pre-A1,assets/K2/idea.jpeg,💡
april,K2,,iron,Pre-A1,,🧺
april,K2,,jump,Pre-A1,assets/K2/jump.jpeg,🦘
april,K2,,kick,Pre-A1,assets/K2/kick.jpeg,🦵
april,K2,,kite,Pre-A1,assets/K2/kite.jpeg,🪁
april,K2,,lake,Pre-A1,,🏞️
april,K2,,lamb,Pre-A1,,
april,K2,,leaf,Pre-A1,,🍃
april,K2,,legs,Pre-A1,,
april,K2,,look,Pre-A1,,👀
april,K2,,loud,Pre-A1,,
april,K2,,nest,Pre-A1,,🪹
april,K2,,next,Pre-A1,assets/K2/next.jpeg,➡️
april,K2,,nine,Pre-A1,assets/K2/nine.jpeg,9️⃣
april,K2,,nose,Pre-A1,assets/K2/nose.jpeg,👃
april,K2,,park,Pre-A1,assets/K2/park.jpeg,🏞️
april,K2,,pick,Pre-A1,,
april,K2,,pink,Pre-A1,assets/K2/pink.jpeg,🩷
april,K3,,farm,A1,,🚜
april,K3,,fast,A1,,💨
april,K3,,fire,A1,,🔥
april,K3,,foal,A1,,
april,K3,,foot,A1,,🦶
april,K3,,game,A1,assets/K3/game.jpeg,🎮
april,K3,,gift,A1,assets/K3/gift.jpeg,🎁
april,K3,,goat,A1,,🐐
april,K3,,hang,A1,,🪝
april,K3,,help,A1,,🤝
april,K3,,hook,A1,,
april,K3,,hose,A1,,🚿
april,K3,,hurt,A1,,
april,K3,,July,A1,assets/K3/july.jpeg,🗓️
april,K3,,jump,A1,assets/K3/jump.jpeg,🦘
april,K3,,June,A1,assets/K3/june.jpeg,🗓️
april,K3,,kick,A1,,🦵
april,K3,,king,A1,,🤴
april,K3,,kite,A1,,🪁
april,K3,,lake,A1,,🏞️
april,K3,,line,A1,,
april,K3,,lion,A1,,
april,K3,,long,A1,,
april,K3,,look,A1,,👀
april,K3,,loud,A1,,
april,K3,,mask,A1,assets/K3/mask.jpeg,🎭
april,K3,,neck,A1,,
april,K3,,nose,A1,,👃
april,K3,,open,A1,assets/K3/open.jpeg,🚪
april,K3,,oval,A1,assets/K3/oval.jpeg,🥚
april,K3,,pair,A1,,
april,K3,,park,A1,,🏞️
april,K3,,play,A1,assets/K3/play.jpeg,🎮
april,K3,,race,A1,,🏁
april,K3,,rain,A1,assets/K3/rain.jpeg,🌧️
april,K3,,read,A1,,📖
april,K3,,ride,A1,,🚲
april,K3,,road,A1,,🛣️
april,K3,,rope,A1,,
april,K3,,shoe,A1,,👟
april,K3,,shop,A1,,🏪
april,K3,,sick,A1,,🤒
april,K3,,sing,A1,assets/K3/sing.jpeg,🎤
april,K3,,sink,A1,assets/K3/sink.jpeg,🚰
april,K3,,slow,A1,,🐢
april,K3,,sofa,A1,assets/K3/sofa.jpeg,🛋️
april,K3,,star,A1,assets/K3/star.jpeg,⭐
april,K3,,swim,A1,,🏊
april,K3,,tail,A1,,🐕
april,K3,,talk,A1,assets/K3/talk.jpeg,🗣️
april,P1,Go Get Maths|English,doll,A1,,🪆
april,P1,Go Get Maths|Science|English,draw,A1,assets/P1/draw.jpeg,✏️
april,P1,Go Get Maths|English,duck,A1,assets/P1/duck.jpeg,🦆
april,P1,Go Get Maths,fall,A1,,
april,P1,Go Get Maths|Science,find,A1,assets/P1/find.jpeg,🔍
april,P1,Go Get Maths|Science|English,fish,A1,assets/P1/fish.jpeg,🐟
april,P1,Go Get Maths,five,A1,assets/P1/five.jpeg,5️⃣
april,P1,Go Get Maths|Science,flat,A1,assets/P1/flat.jpeg,
april,P1,Go Get Maths,fold,A1,,📄
april,P1,Go Get Maths|English,fork,A1,assets/P1/fork.jpeg,🍴
april,P1,Go Get Maths,four,A1,assets/P1/four.jpeg,4️⃣
april,P1,Go Get Maths,from,A1,assets/P1/from.jpeg,
april,P1,Go Get Maths,full,A1,,
april,P1,Go Get Maths,give,A1,assets/P1/give.jpeg,🎁
april,P1,Go Get Maths|English,grid,A1,assets/P1/grid.jpeg,🔲
april,P1,Go Get Maths|Science|English,hand,A1,assets/P1/hand.jpeg,✋
april,P1,Go Get Maths,high,A1,,
april,P1,Go Get Maths,icon,A1,,
april,P1,Go Get Maths,join,A1,,
april,P1,Go Get Maths,jump,A1,assets/P1/jump.jpeg,🦘
april,P1,Go Get Maths|Science,leaf,A1,assets/P1/leaf.jpeg,🍃
april,P1,Go Get Maths,left,A1,assets/P1/left.jpeg,
april,P1,Go Get Maths,less,A1,assets/P1/less.jpeg,
april,P1,Go Get Maths|Science,lift,A1,,🏋️
april,P1,Go Get Maths,line,A1,,
april,P1,Go Get Maths,loaf,A1,assets/P1/loaf.jpeg,🍞
april,P1,Go Get Maths,long,A1,assets/P1/long.jpeg,
april,P1,Go Get Maths,many,A1,,
april,P1,Go Get Maths,mark,A1,,
april,P1,Go Get Maths,mass,A1,,
april,P1,Go Get Maths,more,A1,assets/P1/more.jpeg,
april,P1,Go Get Maths|Science,move,A1,,
april,P1,Go Get Maths,next,A1,assets/P1/next.jpeg,➡️
april,P1,Go Get Maths,nine,A1,assets/P1/nine.jpeg,9️⃣
april,P1,Go Get Maths,oval,A1,assets/P1/oval.jpeg,🥚
april,P1,Go Get Maths,pair,A1,,
april,P1,Go Get Maths,part,A1,assets/P1/part.jpeg,🧩
april,P1,Go Get Maths,path,A1,,
april,P1,Go Get Maths,pear,A1,,
april,P1,Go Get Maths,peel,A1,assets/P1/peel.jpeg,🍌
april,P1,Go Get Maths,plan,A1,,
april,P1,Go Get Maths,plus,A1,assets/P1/plus.jpeg,➕
april,P1,Go Get Maths,rare,A1,,
april,P1,Go Get Maths,read,A1,assets/P1/read.jpeg,📖
april,P1,Go Get Maths,rice,A1,,🍚
april,P1,Go Get Maths,ring,A1,assets/P1/ring.jpeg,💍
april,P1,Go Get Maths,rise,A1,,
april,P1,Go Get Maths,road,A1,,🛣️
april,P1,Go Get Maths,rope,A1,,
april,P1,Go Get Maths,rose,A1,assets/P1/rose.jpeg,🌹
april,P1,Science|English,body,A1,assets/P1/body.jpeg,🧍
april,P1,Science,bone,A1,assets/P1/bone.jpeg,🦴
april,P1,Science,cave,A1,assets/P1/cave.jpeg,🕳️
april,P1,Science,chew,A1,,😋
april,P1,Science|English,chin,A1,assets/P1/chin.jpeg,😀
april,P1,Science|English,clap,A1,,👏
april,P1,Science,claw,A1,assets/P1/claw.jpeg,🐾
april,P1,Science,clay,A1,,
april,P1,Science,cool,A1,,
april,P1,Science,dark,A1,,
april,P1,Science|English,drum,A1,assets/P1/drum.jpeg,🥁
april,P1,Science,dull,A1,,
april,P1,Science,echo,A1,,
april,P1,Science|English,face,A1,assets/P1/face.jpeg,😀
april,P1,Science,fang,A1,assets/P1/fang.jpeg,🦷
april,P1,Science,fire,A1,,🔥
april,P1,Science|English,foot,A1,assets/P1/foot.jpeg,🦶
april,P1,Science|English,frog,A1,assets/P1/frog.jpeg,🐸
april,P1,Science,gill,A1,assets/P1/gill.jpeg,🐟
april,P1,Science,glow,A1,,
april,P1,Science,good,A1,,👍
april,P1,Science,grey,A1,,
april,P1,Science,grow,A1,assets/P1/grow.jpeg,🌱
april,P1,Science|English,hair,A1,assets/P1/hair.jpeg,💇
april,P1,Science,head,A1,assets/P1/head.jpeg,🧑
april,P1,Science,hear,A1,assets/P1/hear.jpeg,👂
april,P1,Science,help,A1,,🤝
april,P1,Science,hide,A1,assets/P1/hide.jpeg,🙈
april,P1,Science,hill,A1,,
april,P1,Science,hold,A1,,✊
april,P1,Science,honk,A1,,
april,P1,Science,horn,A1,assets/P1/horn.jpeg,🐂
april,P1,Science,huge,A1,,
april,P1,Science,knee,A1,assets/P1/knee.jpeg,🦵
april,P1,Science,lava,A1,,
april,P1,Science,list,A1,assets/P1/list.jpeg,📋
april,P1,Science,loud,A1,,
april,P1,Science,lung,A1,assets/P1/lung.jpeg,🫁
april,P1,Science,meow,A1,,
april,P1,Science,moon,A1,,🌙
april,P1,Science,name,A1,assets/P1/name.jpeg,🏷️
april,P1,Science,near,A1,,
april,P1,English,bank,A1,,
april,P1,English,bath,A1,,🛁
april,P1,English,beak,A1,assets/P1/beak.jpeg,🐦
april,P1,English,bear,A1,assets/P1/bear.jpg,🐻
april,P1,English,bell,A1,,
april,P1,English,belt,A1,,
april,P1,English,bike,A1,,🚲
april,P1,English,bird,A1,assets/P1/bird.jpeg,🐦
april,P1,English,blow,A1,,
april,P1,English,blue,A1,assets/P1/blue.jpeg,🔵
april,P1,English,boat,A1,assets/P1/boat.jpeg,⛵
april,P1,English,book,A1,assets/P1/book.jpeg,📖
april,P1,English,boot,A1,,🥾
april,P1,English,burn,A1,,
april,P1,English,cage,A1,,🪤
april,P1,English,camp,A1,,🏕️
april,P1,English,chip,A1,,
april,P1,English,city,A1,,🏙️
april,P1,English,clam,A1,,
april,P1,English,club,A1,assets/P1/club.jpeg,🎪
april,P1,English,coat,A1,,🧥
april,P1,English,coin,A1,,
april,P1,English,cold,A1,,🥶
april,P1,English,cone,A1,assets/P1/cone.jpeg,🍦
april,P1,English,crab,A1,assets/P1/crab.jpeg,🦀
april,P1,English,curl,A1,,
april,P1,English,desk,A1,,🪑
april,P1,English,dice,A1,,🎲
april,P1,English,door,A1,assets/P1/door.jpeg,🚪
april,P1,English,fast,A1,assets/P1/fast.jpeg,💨
april,P1,English,feet,A1,,🦶
april,P1,English,flag,A1,assets/P1/flag.jpeg,🚩
april,P1,English,gate,A1,,🚪
april,P1,English,girl,A1,assets/P1/girl.jpeg,👧
april,P1,English,goup,A1,,
april,P2,,baby,A1,assets/P2/baby.jpeg,👶
april,P2,,ball,A1,,⚽
april,P2,,bath,A1,,🛁
april,P2,,bean,A1,,🫘
april,P2,,bear,A1,,🐻
april,P2,,bird,A1,,🐦
april,P2,,blog,A1,assets/P2/blog.jpeg,📝
april,P2,,blue,A1,,🔵
april,P2,,boat,A1,assets/P2/boat.jpeg,⛵
april,P2,,book,A1,,📖
april,P2,,boot,A1,,🥾
april,P2,,cake,A1,assets/P2/cake.jpeg,🍰
april,P2,,camp,A1,assets/P2/camp.jpeg,🏕️
april,P2,,chip,A1,,
april,P2,,coat,A1,assets/P2/coat.jpeg,🧥
april,P2,,cold,A1,,🥶
april,P2,,cube,A1,assets/P2/cube.jpeg,🧊
april,P2,,curl,A1,,
april,P2,,doll,A1,,🪆
april,P2,,door,A1,,🚪
april,P2,,down,A1,assets/P2/down.jpeg,
april,P2,,draw,A1,,✏️
april,P2,,drum,A1,,🥁
april,P2,,duck,A1,,🦆
april,P2,,feel,A1,,🤲
april,P2,,feet,A1,assets/P2/feet.jpeg,🦶
april,P2,,fire,A1,,🔥
april,P2,,fish,A1,assets/P2/fish.jpeg,🐟
april,P2,,five,A1,assets/P2/five.jpeg,5️⃣
april,P2,,food,A1,,🍽️
april,P2,,fork,A1,,🍴
april,P2,,girl,A1,,👧
april,P2,,glue,A1,assets/P2/glue.jpeg,🩹
april,P2,,grey,A1,,
april,P2,,hail,A1,assets/P2/hail.jpeg,🌨️
april,P2,,hair,A1,,💇
april,P2,,hand,A1,,✋
april,P2,,head,A1,,🧑
april,P2,,help,A1,assets/P2/help.jpeg,🤝
april,P2,,high,A1,assets/P2/high.jpeg,
april,P2,,home,A1,assets/P2/home.jpeg,🏠
april,P2,,hoop,A1,,🏀
april,P2,,hose,A1,assets/P2/hose.jpeg,🚿
april,P2,,hour,A1,assets/P2/hour.jpeg,🕐
april,P2,,July,A1,,🗓️
april,P2,,June,A1,,🗓️
april,P2,,king,A1,,🤴
april,P2,,leaf,A1,assets/P2/leaf.jpeg,🍃
april,P2,,lift,A1,,🏋️
april,P2,,like,A1,assets/P2/like.jpeg,
april,P3,,fire,A2,,🔥
april,P3,,flag,A2,,🚩
april,P3,,food,A2,,🍽️
april,P3,,gift,A2,,🎁
april,P3,,girl,A2,,👧
april,P3,,good,A2,assets/P3/good.jpeg,👍
april,P3,,hair,A2,,💇
april,P3,,hall,A2,,
april,P3,,hand,A2,,✋
april,P3,,head,A2,,🧑
april,P3,,help,A2,assets/P3/help.jpeg,🤝
april,P3,,hike,A2,assets/P3/hike.jpeg,🥾
april,P3,,home,A2,assets/P3/home.jpeg,🏠
april,P3,,iron,A2,assets/P3/iron.jpeg,🧺
april,P3,,king,A2,assets/P3/king.jpeg,🤴
april,P3,,kite,A2,,🪁
april,P3,,kiwi,A2,,🥝
april,P3,,lazy,A2,assets/P3/lazy.jpeg,
april,P3,,leaf,A2,assets/P3/leaf.jpeg,🍃
april,P3,,mall,A2,assets/P3/mall.jpeg,🏬
april,P3,,maze,A2,assets/P3/maze.jpeg,🌀
april,P3,,moon,A2,,🌙
april,P3,,nest,A2,assets/P3/nest.jpeg,🪹
april,P3,,okra,A2,,🫑
april,P3,,palm,A2,assets/P3/palm.jpeg,🤚
april,P3,,pawn,A2,assets/P3/pawn.jpeg,♟️
april,P3,,peel,A2,,🍌
april,P3,,pile,A2,,📚
april,P3,,pink,A2,assets/P3/pink.jpeg,🩷
april,P3,,race,A2,,🏁
april,P3,,rail,A2,,
april,P3,,rice,A2,,🍚
april,P3,,road,A2,assets/P3/road.jpeg,🛣️
april,P3,,rook,A2,assets/P3/rook.jpeg,♜
april,P3,,salt,A2,assets/P3/salt.jpeg,🧂
april,P3,,sand,A2,,
april,P3,,seed,A2,assets/P3/seed.jpeg,🌱
april,P3,,shop,A2,,🏪
april,P3,,sign,A2,,
april,P3,,skin,A2,,🧴
april,P3,,snow,A2,,❄️
april,P3,,soap,A2,,🧼
april,P3,,souk,A2,assets/P3/souk.jpeg,🏪
april,P3,,star,A2,,⭐
april,P3,,stem,A2,assets/P3/stem.jpeg,🌱
april,P3,,stir,A2,assets/P3/stir.jpeg,🥄
april,P3,,task,A2,assets/P3/task.jpeg,📋
april,P3,,tent,A2,,⛺
april,P3,,text,A2,,
april,P3,,tile,A2,,
april,P4,,hill,A2,,
april,P4,,horn,A2,,🐂
april,P4,,huge,A2,assets/P4/huge.jpeg,
april,P4,,jeep,A2,,
april,P4,,king,A2,,🤴
april,P4,,lake,A2,,🏞️
april,P4,,land,A2,,🏞️
april,P4,,lash,A2,assets/P4/lash.jpeg,🌊
april,P4,,leap,A2,assets/P4/leap.jpeg,🦘
april,P4,,lift,A2,assets/P4/lift.jpeg,🏋️
april,P4,,lion,A2,,
april,P4,,long,A2,,
april,P4,,loud,A2,,
april,P4,,menu,A2,assets/P4/menu.jpeg,📋
april,P4,,milk,A2,,🥛
april,P4,,neat,A2,assets/P4/neat.jpeg,✨
april,P4,,nest,A2,,🪹
april,P4,,note,A2,,
april,P4,,oven,A2,,
april,P4,,peel,A2,assets/P4/peel.jpeg,🍌
april,P4,,pile,A2,assets/P4/pile.jpeg,📚
april,P4,,poet,A2,,✍️
april,P4,,pond,A2,,
april,P4,,pour,A2,assets/P4/pour.JPG,🫗
april,P4,,prop,A2,,🎬
april,P4,,quay,A2,,⚓
april,P4,,reed,A2,assets/P4/reed.jpeg,🌾
april,P4,,road,A2,assets/P4/road.jpeg,🛣️
april,P4,,roar,A2,assets/P4/roar.jpeg,🦁
april,P4,,roof,A2,,🏠
april,P4,,sail,A2,assets/P4/sail.jpeg,⛵
april,P4,,skin,A2,,🧴
april,P4,,skip,A2,assets/P4/skip.jpeg,🤸
april,P4,,song,A2,,
april,P4,,sore,A2,assets/P4/sore.jpeg,🤕
april,P4,,spin,A2,,🌀
april,P4,,spot,A2,,
april,P4,,stir,A2,assets/P4/stir.jpeg,🥄
april,P4,,surf,A2,,🏄
april,P4,,swim,A2,,🏊
april,P4,,tail,A2,,🐕
april,P4,,tear,A2,assets/P4/tear.jpeg,😢
april,P4,,tent,A2,assets/P4/tent.jpeg,⛺
april,P4,,tidy,A2,assets/P4/tidy.jpeg,🧹
april,P4,,trap,A2,,
april,P4,,trip,A2,,
april,P4,,turn,A2,assets/P4/turn.jpeg,🔄
april,P4,,tusk,A2,,
april,P4,,walk,A2,,🚶
april,P4,,wall,A2,assets/P4/wall.jpeg,🧱
april,P5,,soft,B1,,🧸
april,P5,,some,B1,assets/P5/some.jpeg,
april,P5,,stay,B1,assets/P5/stay.jpeg,🛑
april,P5,,stir,B1,,🥄
april,P5,,swap,B1,assets/P5/swap.jpeg,🔄
april,P5,,thin,B1,,📏
april,P5,,tidy,B1,assets/P5/tidy.jpeg,🧹
april,P5,,tofu,B1,assets/P5/tofu.jpeg,🧊
april,P5,,type,B1,,
april,P5,,warm,B1,,🌤️
april,P5,,wash,B1,,🧼
april,P5,,wear,B1,,
april,P5,,wing,B1,,🪽
april,P5,,year,B1,assets/P5/year.jpeg,📅
april,P5,,above,B1,assets/P5/above.jpeg,
april,P5,,angry,B1,assets/P5/angry.jpeg,😠
april,P5,,argue,B1,assets/P5/argue.jpeg,😤
april,P5,,blurb,B1,assets/P5/blurb.jpeg,
april,P5,,board,B1,,📋
april,P5,,boots,B1,,🥾
april,P5,,bored,B1,assets/P5/bored.jpeg,😑
april,P5,,brave,B1,assets/P5/brave.jpeg,🦁
april,P5,,build,B1,assets/P5/build.jpeg,🔨
april,P5,,bumpy,B1,,
april,P5,,carry,B1,assets/P5/carry.jpeg,🧳
april,P5,,click,B1,,
april,P5,,cloud,B1,,☁️
april,P5,,coast,B1,,
april,P5,,cover,B1,assets/P5/cover.jpeg,📕
april,P5,,cross,B1,assets/P5/cross.jpeg,❌
april,P5,,cycle,B1,assets/P5/cycle.jpeg,🔁
april,P5,,dairy,B1,assets/P5/dairy.jpeg,🥛
april,P5,,delay,B1,,
april,P5,,disco,B1,assets/P5/disco.jpeg,🪩
april,P5,,dream,B1,,💭
april,P5,,dunes,B1,,
april,P5,,early,B1,,
april,P5,,email,B1,,
april,P5,,empty,B1,,
april,P5,,enjoy,B1,assets/P5/enjoy.jpeg,😄
april,P5,,event,B1,assets/P5/event.jpeg,📅
april,P5,,fewer,B1,assets/P5/fewer.jpeg,
april,P5,,float,B1,,🏊
april,P5,,foggy,B1,,🌫️
april,P5,,graph,B1,assets/P5/graph.jpeg,📈
april,P5,,hurry,B1,,
april,P5,,juicy,B1,,
april,P5,,label,B1,,🏷️
april,P5,,local,B1,,
april,P5,,lunch,B1,,🍱
april,P6,,wing,B1,,🪽
april,P6,,worm,B1,,
april,P6,,alien,B1,,
april,P6,,anger,B1,,
april,P6,,blade,B1,assets/P6/blade.jpeg,
april,P6,,bract,B1,,
april,P6,,buyer,B1,,
april,P6,,cabin,B1,assets/P6/cabin.jpeg,🛖
april,P6,,coach,B1,assets/P6/coach.jpeg,🧑‍🏫
april,P6,,coder,B1,assets/P6/coder.jpeg,🧑‍💻
april,P6,,coral,B1,,
april,P6,,donor,B1,assets/P6/donor.jpeg,🎁
april,P6,,drama,B1,assets/P6/drama.jpeg,🎭
april,P6,,flood,B1,,
april,P6,,fruit,B1,,🍓
april,P6,,funny,B1,,
april,P6,,genre,B1,,
april,P6,,glass,B1,,🥛
april,P6,,goods,B1,,
april,P6,,idiom,B1,assets/P6/idiom.jpeg,💬
april,P6,,judge,B1,assets/P6/judge.jpeg,👨‍⚖️
april,P6,,knife,B1,,
april,P6,,leash,B1,,🦮
april,P6,,limit,B1,,
april,P6,,lucky,B1,,🍀
april,P6,,metal,B1,,
april,P6,,misty,B1,assets/P6/misty.jpeg,🌫️
april,P6,,money,B1,,💰
april,P6,,motto,B1,assets/P6/motto.jpeg,📜
april,P6,,music,B1,,🎵
april,P6,,nasty,B1,,
april,P6,,noisy,B1,,
april,P6,,ocean,B1,,
april,P6,,party,B1,,🎉
april,P6,,peace,B1,,☮️
april,P6,,polyp,B1,,
april,P6,,power,B1,assets/P6/power.jpeg,⚡
april,P6,,price,B1,,
april,P6,,purse,B1,,
april,P6,,queue,B1,assets/P6/queue.jpeg,🚶
april,P6,,rhyme,B1,,🎵
april,P6,,river,B1,,🏞️
april,P6,,scale,B1,,⚖️
april,P6,,shape,B1,,🔷
april,P6,,shark,B1,,
april,P6,,sharp,B1,,🔪
april,P6,,shell,B1,,🐚
april,P6,,silly,B1,,
april,P6,,snack,B1,,
april,P6,,snail,B1,,🐌
may,K1,,he,Pre-A1,assets/K1/he.jpeg,👦
may,K1,,in,Pre-A1,,📥
may,K1,,my,Pre-A1,assets/K1/my.jpeg,🙋
may,K1,,no,Pre-A1,assets/K1/no.jpeg,❌
may,K1,,on,Pre-A1,,🔛
may,K1,,ox,Pre-A1,,
may,K1,,ant,Pre-A1,,🐜
may,K1,,arm,Pre-A1,assets/K1/arm.jpeg,💪
may,K1,,bag,Pre-A1,assets/K1/bag.jpeg,🎒
may,K1,,bee,Pre-A1,assets/K1/bee.jpeg,🐝
may,K1,,big,Pre-A1,assets/K1/big.jpeg,🐘
may,K1,,box,Pre-A1,assets/K1/box.jpeg,📦
may,K1,,boy,Pre-A1,assets/K1/boy.jpeg,👦
may,K1,,bus,Pre-A1,assets/K1/bus.jpeg,🚌
may,K1,,cap,Pre-A1,assets/K1/cap.jpeg,🧢
may,K1,,car,Pre-A1,,🚗
may,K1,,cat,Pre-A1,assets/K1/cat.jpeg,🐱
may,K1,,cow,Pre-A1,,🐄
may,K1,,cup,Pre-A1,assets/K1/cup.jpeg,☕
may,K1,,cut,Pre-A1,,
may,K1,,dad,Pre-A1,assets/K1/dad.jpeg,👨
may,K1,,dig,Pre-A1,,🪏
may,K1,,dip,Pre-A1,,🥣
may,K1,,dog,Pre-A1,assets/K1/dog.jpeg,🐶
may,K1,,egg,Pre-A1,assets/K1/egg.jpeg,🥚
may,K1,,fan,Pre-A1,assets/K1/fan.jpeg,🪭
may,K1,,fly,Pre-A1,,🕊️
may,K1,,fox,Pre-A1,,🦊
may,K1,,hat,Pre-A1,assets/K1/hat.jpeg,🎩
may,K1,,hop,Pre-A1,,🦘
may,K1,,jam,Pre-A1,assets/K1/jam.jpg,🍓
may,K1,,leg,Pre-A1,assets/K1/leg.jpeg,🦵
may,K1,,mat,Pre-A1,,
may,K1,,mom,Pre-A1,assets/K1/mom.jpeg,👩
may,K1,,net,Pre-A1,,🥅
may,K1,,new,Pre-A1,assets/K1/new.jpeg,✨
may,K1,,nut,Pre-A1,,
may,K1,,old,Pre-A1,assets/K1/old.jpeg,👴
may,K1,,owl,Pre-A1,,🦉
may,K1,,pen,Pre-A1,,🖊️
may,K1,,pig,Pre-A1,,
may,K1,,pot,Pre-A1,,🍲
may,K1,,red,Pre-A1,assets/K1/red.jpeg,🔴
may,K1,,row,Pre-A1,,🚣
may,K1,,run,Pre-A1,assets/K1/run.jpeg,🏃
may,K1,,she,Pre-A1,assets/K1/she.jpeg,👧
may,K1,,six,Pre-A1,,6️⃣
may,K1,,sky,Pre-A1,,🌤️
may,K1,,sun,Pre-A1,,☀️
may,K1,,ten,Pre-A1,,🔟
may,K2,,bag,Pre-A1,assets/K2/bag.jpeg,🎒
may,K2,,bed,Pre-A1,assets/K2/bed.jpeg,🛏️
may,K2,,bee,Pre-A1,,🐝
may,K2,,big,Pre-A1,,🐘
may,K2,,boy,Pre-A1,assets/K2/boy.jpeg,👦
may,K2,,bus,Pre-A1,assets/K2/bus.jpeg,🚌
may,K2,,cap,Pre-A1,,🧢
may,K2,,cat,Pre-A1,assets/K2/cat.jpeg,🐱
may,K2,,cow,Pre-A1,,🐄
may,K2,,dad,Pre-A1,assets/K2/dad.jpeg,👨
may,K2,,dim,Pre-A1,,
may,K2,,dog,Pre-A1,assets/K2/dog.jpeg,🐶
may,K2,,dry,Pre-A1,,🏜️
may,K2,,eat,Pre-A1,,🍽️
may,K2,,egg,Pre-A1,assets/K2/egg.jpeg,🥚
may,K2,,fat,Pre-A1,,
may,K2,,fly,Pre-A1,assets/K2/fly.jpeg,🕊️
may,K2,,fox,Pre-A1,assets/K2/fox.jpeg,🦊
may,K2,,hat,Pre-A1,,🎩
may,K2,,hay,Pre-A1,,
may,K2,,hen,Pre-A1,,🐔
may,K2,,hot,Pre-A1,,🔥
may,K2,,log,Pre-A1,assets/K2/log.jpeg,🪵
may,K2,,mom,Pre-A1,assets/K2/mom.jpeg,👩
may,K2,,mud,Pre-A1,,🟤
may,K2,,one,Pre-A1,assets/K2/one.jpeg,1️⃣
may,K2,,pen,Pre-A1,assets/K2/pen.jpeg,🖊️
may,K2,,pig,Pre-A1,,
may,K2,,red,Pre-A1,assets/K2/red.jpeg,🔴
may,K2,,run,Pre-A1,assets/K2/run.jpeg,🏃
may,K2,,sad,Pre-A1,assets/K2/sad.jpeg,😢
may,K2,,see,Pre-A1,assets/K2/see.jpeg,👀
may,K2,,six,Pre-A1,assets/K2/six.jpeg,6️⃣
may,K2,,sky,Pre-A1,,🌤️
may,K2,,sun,Pre-A1,,☀️
may,K2,,ten,Pre-A1,assets/K2/ten.jpeg,🔟
may,K2,,two,Pre-A1,assets/K2/two.jpeg,2️⃣
may,K2,,wet,Pre-A1,,💧
may,K2,,arms,Pre-A1,assets/K2/arms.jpeg,💪
may,K2,,baby,Pre-A1,assets/K2/baby.jpeg,👶
may,K2,,ball,Pre-A1,assets/K2/ball.jpeg,⚽
may,K2,,barn,Pre-A1,,
may,K2,,beak,Pre-A1,,🐦
may,K2,,belt,Pre-A1,,
may,K2,,bird,Pre-A1,assets/K2/bird.jpeg,🐦
may,K2,,book,Pre-A1,assets/K2/book.jpeg,📖
may,K2,,bowl,Pre-A1,,
may,K2,,cake,Pre-A1,assets/K2/cake.jpeg,🍰
may,K2,,calf,Pre-A1,,
may,K2,,cars,Pre-A1,,
may,K3,,in,A1,assets/K3/in.jpeg,📥
may,K3,,on,A1,assets/K3/on.jpeg,🔛
may,K3,,bat,A1,,
may,K3,,bed,A1,assets/K3/bed.jpeg,🛏️
may,K3,,bow,A1,assets/K3/bow.jpeg,🎀
may,K3,,bus,A1,,🚌
may,K3,,car,A1,,🚗
may,K3,,cut,A1,,
may,K3,,dad,A1,assets/K3/dad.jpeg,👨
may,K3,,dry,A1,,🏜️
may,K3,,ear,A1,,👂
may,K3,,eye,A1,,👁️
may,K3,,fly,A1,,🕊️
may,K3,,hat,A1,assets/K3/hat.jpeg,🎩
may,K3,,hit,A1,,
may,K3,,hot,A1,assets/K3/hot.jpeg,🔥
may,K3,,leg,A1,,🦵
may,K3,,May,A1,assets/K3/may.jpeg,🗓️
may,K3,,mom,A1,assets/K3/mom.jpeg,👩
may,K3,,net,A1,,🥅
may,K3,,pan,A1,,
may,K3,,pen,A1,,🖊️
may,K3,,pot,A1,,🍲
may,K3,,rat,A1,,
may,K3,,run,A1,assets/K3/run.jpeg,🏃
may,K3,,sad,A1,assets/K3/sad.jpeg,😢
may,K3,,sit,A1,assets/K3/sit.jpeg,🪑
may,K3,,sky,A1,,🌤️
may,K3,,toy,A1,,🧸
may,K3,,vet,A1,,
may,K3,,zoo,A1,,🦁
may,K3,,bird,A1,,🐦
may,K3,,bite,A1,,
may,K3,,boat,A1,,⛵
may,K3,,book,A1,assets/K3/book.jpeg,📖
may,K3,,bowl,A1,,
may,K3,,cake,A1,assets/K3/cake.jpeg,🍰
may,K3,,cape,A1,,
may,K3,,card,A1,assets/K3/card.jpeg,💌
may,K3,,care,A1,,💗
may,K3,,chef,A1,,
may,K3,,clap,A1,assets/K3/clap.jpeg,👏
may,K3,,coat,A1,assets/K3/coat.jpeg,🧥
may,K3,,cold,A1,assets/K3/cold.jpeg,🥶
may,K3,,comb,A1,,
may,K3,,cook,A1,,👨‍🍳
may,K3,,deer,A1,,
may,K3,,door,A1,assets/K3/door.jpeg,🚪
may,K3,,draw,A1,,✏️
may,K3,,drum,A1,assets/K3/drum.jpeg,🥁
may,P1,Go Get Maths,act,A1,,
may,P1,Go Get Maths,add,A1,assets/P1/add.jpeg,➕
may,P1,Go Get Maths|English,ant,A1,,🐜
may,P1,Go Get Maths,bag,A1,assets/P1/bag.jpeg,🎒
may,P1,Go Get Maths|Science|English,bee,A1,assets/P1/bee.jpeg,🐝
may,P1,Go Get Maths|Science,big,A1,assets/P1/big.jpeg,🐘
may,P1,Go Get Maths|English,box,A1,assets/P1/box.jpeg,📦
may,P1,Go Get Maths|English,bus,A1,assets/P1/bus.jpeg,🚌
may,P1,Go Get Maths|English,can,A1,assets/P1/can.jpeg,🥫
may,P1,Go Get Maths|Science|English,car,A1,assets/P1/car.jpeg,🚗
may,P1,Go Get Maths|Science,cat,A1,assets/P1/cat.jpeg,🐱
may,P1,Go Get Maths,cut,A1,,
may,P1,Go Get Maths|Science|English,egg,A1,assets/P1/egg.jpeg,🥚
may,P1,Go Get Maths,few,A1,,
may,P1,Go Get Maths|English,fly,A1,assets/P1/fly.jpeg,🕊️
may,P1,Go Get Maths,gap,A1,,
may,P1,Go Get Maths|English,hat,A1,assets/P1/hat.jpeg,🎩
may,P1,Go Get Maths|English,hop,A1,assets/P1/hop.jpeg,🦘
may,P1,Go Get Maths,key,A1,,🔑
may,P1,Go Get Maths,log,A1,assets/P1/log.jpeg,🪵
may,P1,Go Get Maths|English,low,A1,,
may,P1,Go Get Maths,one,A1,assets/P1/one.jpeg,1️⃣
may,P1,Go Get Maths|English,pen,A1,assets/P1/pen.jpeg,🖊️
may,P1,Go Get Maths|Science|English,pot,A1,assets/P1/pot.jpeg,🍲
may,P1,Go Get Maths,put,A1,assets/P1/put.jpeg,📥
may,P1,Go Get Maths,rod,A1,,
may,P1,Go Get Maths,row,A1,,🚣
may,P1,Go Get Maths,set,A1,,
may,P1,Go Get Maths,sit,A1,assets/P1/sit.jpeg,🪑
may,P1,Go Get Maths,six,A1,assets/P1/six.jpeg,6️⃣
may,P1,Go Get Maths,sum,A1,assets/P1/sum.jpeg,🧮
may,P1,Go Get Maths,ten,A1,assets/P1/ten.jpeg,🔟
may,P1,Go Get Maths|English,tie,A1,,👔
may,P1,Go Get Maths,top,A1,,
may,P1,Go Get Maths,two,A1,assets/P1/two.jpeg,2️⃣
may,P1,Go Get Maths|English,ball,A1,assets/P1/ball.jpeg,⚽
may,P1,Go Get Maths|English,band,A1,,
may,P1,Go Get Maths,bead,A1,,📿
may,P1,Go Get Maths,bond,A1,assets/P1/bond.jpeg,🔗
may,P1,Go Get Maths,book,A1,assets/P1/book.jpeg,📖
may,P1,Go Get Maths,bowl,A1,,
may,P1,Go Get Maths,cake,A1,assets/P1/cake.jpeg,🍰
may,P1,Go Get Maths,card,A1,,💌
may,P1,Go Get Maths,coin,A1,,
may,P1,Go Get Maths,comb,A1,,
may,P1,Go Get Maths,cone,A1,assets/P1/cone.jpeg,🍦
may,P1,Go Get Maths,crab,A1,assets/P1/crab.jpeg,🦀
may,P1,Go Get Maths,cube,A1,,🧊
may,P1,Go Get Maths,data,A1,,📊
may,P1,Go Get Maths,desk,A1,,🪑
may,P1,Science,no,A1,,❌
may,P1,Science,air,A1,assets/P1/air.jpeg,💨
may,P1,Science|English,arm,A1,assets/P1/arm.jpeg,💪
may,P1,Science,ash,A1,,
may,P1,Science,bad,A1,,👎
may,P1,Science,cup,A1,,☕
may,P1,Science,day,A1,,
may,P1,Science|English,den,A1,,
may,P1,Science,dig,A1,,🪏
may,P1,Science|English,dog,A1,assets/P1/dog.jpeg,🐶
may,P1,Science,dry,A1,assets/P1/dry.jpeg,🏜️
may,P1,Science|English,ear,A1,assets/P1/ear.jpeg,👂
may,P1,Science,eat,A1,assets/P1/eat.jpeg,🍽️
may,P1,Science|English,eye,A1,assets/P1/eye.jpeg,👁️
may,P1,Science|English,far,A1,,
may,P1,Science|English,fin,A1,assets/P1/fin.jpeg,🐟
may,P1,Science,fox,A1,assets/P1/fox.jpeg,🦊
may,P1,Science|English,fur,A1,assets/P1/fur.jpeg,🧸
may,P1,Science,gem,A1,,
may,P1,Science|English,hot,A1,assets/P1/hot.jpeg,🔥
may,P1,Science|English,leg,A1,assets/P1/leg.jpeg,🦵
may,P1,Science,nap,A1,,😴
may,P1,Science,paw,A1,assets/P1/paw.jpeg,🐾
may,P1,Science|English,red,A1,,🔴
may,P1,Science,run,A1,,🏃
may,P1,Science|English,see,A1,assets/P1/see.jpeg,👀
may,P1,Science,sip,A1,,🥤
may,P1,Science|English,sky,A1,,🌤️
may,P1,Science,sun,A1,,☀️
may,P1,Science,tap,A1,,
may,P1,Science,toe,A1,assets/P1/toe.jpeg,🦶
may,P1,Science,tub,A1,,
may,P1,Science,wet,A1,assets/P1/wet.jpeg,💧
may,P1,Science,yes,A1,,✅
may,P1,Science|English,baby,A1,assets/P1/baby.jpeg,👶
may,P1,Science,back,A1,assets/P1/back.jpeg,
may,P1,Science,bark,A1,,
may,P1,Science,bath,A1,,🛁
may,P1,Science,beak,A1,assets/P1/beak.jpeg,🐦
may,P1,Science,bear,A1,assets/P1/bear.jpg,🐻
may,P1,Science,bell,A1,,
may,P1,Science,bend,A1,,🙇
may,P1,Science,bird,A1,assets/P1/bird.jpeg,🐦
may,P1,Science,blow,A1,,
may,P1,English,in,A1,assets/P1/in.jpeg,📥
may,P1,English,on,A1,assets/P1/on.jpeg,🔛
may,P1,English,bat,A1,,
may,P1,English,bed,A1,,🛏️
may,P1,English,boy,A1,assets/P1/boy.jpeg,👦
may,P1,English,bug,A1,,
may,P1,English,gym,A1,,🏋️
may,P1,English,hen,A1,assets/P1/hen.jpeg,🐔
may,P1,English,hit,A1,,
may,P1,English,lip,A1,,
may,P1,English,oil,A1,,
may,P1,English,owl,A1,,🦉
may,P1,English,pie,A1,,🥧
may,P1,English,rag,A1,assets/P1/rag.jpeg,🧻
may,P1,English,sad,A1,assets/P1/sad.jpeg,😢
may,P1,English,sea,A1,,
may,P1,English,tea,A1,assets/P1/tea.jpeg,🍵
may,P1,English,toy,A1,assets/P1/toy.jpeg,🧸
may,P1,English,van,A1,assets/P1/van.jpeg,🚐
may,P1,English,yak,A1,,🐃
may,P2,,in,A1,assets/P2/in.jpeg,📥
may,P2,,art,A1,assets/P2/art.jpeg,🎨
may,P2,,bag,A1,,🎒
may,P2,,bar,A1,,📊
may,P2,,bat,A1,,
may,P2,,bed,A1,,🛏️
may,P2,,bee,A1,assets/P2/bee.jpeg,🐝
may,P2,,bin,A1,,
may,P2,,box,A1,assets/P2/box.jpeg,📦
may,P2,,bus,A1,assets/P2/bus.jpeg,🚌
may,P2,,cot,A1,,
may,P2,,cow,A1,assets/P2/cow.jpeg,🐄
may,P2,,Dad,A1,,👨
may,P2,,day,A1,,
may,P2,,ear,A1,,👂
may,P2,,eat,A1,assets/P2/eat.jpeg,🍽️
may,P2,,egg,A1,,🥚
may,P2,,eye,A1,,👁️
may,P2,,fly,A1,assets/P2/fly.jpeg,🕊️
may,P2,,fog,A1,,
may,P2,,gym,A1,assets/P2/gym.jpeg,🏋️
may,P2,,hat,A1,assets/P2/hat.jpeg,🎩
may,P2,,hen,A1,,🐔
may,P2,,hop,A1,,🦘
may,P2,,hot,A1,,🔥
may,P2,,key,A1,,🔑
may,P2,,log,A1,,🪵
may,P2,,map,A1,assets/P2/map.jpeg,🗺️
may,P2,,May,A1,,🗓️
may,P2,,mud,A1,,🟤
may,P2,,net,A1,,🥅
may,P2,,old,A1,,👴
may,P2,,owl,A1,assets/P2/owl.jpeg,🦉
may,P2,,pen,A1,assets/P2/pen.jpeg,🖊️
may,P2,,pet,A1,,🐶
may,P2,,pie,A1,assets/P2/pie.jpg,🥧
may,P2,,pot,A1,,🍲
may,P2,,red,A1,,🔴
may,P2,,row,A1,assets/P2/row.jpeg,🚣
may,P2,,run,A1,,🏃
may,P2,,sad,A1,,😢
may,P2,,sea,A1,,
may,P2,,sky,A1,assets/P2/sky.jpeg,🌤️
may,P2,,tea,A1,,🍵
may,P2,,ten,A1,assets/P2/ten.jpeg,🔟
may,P2,,tie,A1,assets/P2/tie.jpeg,👔
may,P2,,toe,A1,assets/P2/toe.jpeg,🦶
may,P2,,wet,A1,,💧
may,P2,,win,A1,,🏆
may,P2,,zip,A1,,
may,P3,,app,A2,,
may,P3,,bad,A2,assets/P3/bad.jpeg,👎
may,P3,,bed,A2,,🛏️
may,P3,,bin,A2,,
may,P3,,box,A2,,📦
may,P3,,boy,A2,,👦
may,P3,,car,A2,,🚗
may,P3,,cry,A2,,
may,P3,,cup,A2,assets/P3/cup.jpeg,☕
may,P3,,dig,A2,assets/P3/dig.jpeg,🪏
may,P3,,dye,A2,assets/P3/dye.jpeg,🎨
may,P3,,eye,A2,,👁️
may,P3,,hen,A2,assets/P3/hen.jpeg,🐔
may,P3,,ice,A2,,
may,P3,,leg,A2,,🦵
may,P3,,map,A2,,🗺️
may,P3,,pen,A2,,🖊️
may,P3,,pet,A2,assets/P3/pet.jpeg,🐶
may,P3,,pot,A2,,🍲
may,P3,,red,A2,assets/P3/red.jpeg,🔴
may,P3,,sea,A2,,
may,P3,,sky,A2,,🌤️
may,P3,,sun,A2,,☀️
may,P3,,tea,A2,,🍵
may,P3,,wet,A2,,💧
may,P3,,win,A2,assets/P3/win.jpeg,🏆
may,P3,,abra,A2,assets/P3/abra.jpeg,
may,P3,,baby,A2,,👶
may,P3,,bake,A2,assets/P3/bake.jpeg,🧁
may,P3,,ball,A2,assets/P3/ball.jpeg,⚽
may,P3,,bear,A2,,🐻
may,P3,,bike,A2,,🚲
may,P3,,bird,A2,,🐦
may,P3,,blog,A2,,📝
may,P3,,blue,A2,assets/P3/blue.jpeg,🔵
may,P3,,boat,A2,,⛵
may,P3,,book,A2,,📖
may,P3,,cage,A2,assets/P3/cage.jpeg,🪤
may,P3,,camp,A2,assets/P3/camp.jpeg,🏕️
may,P3,,city,A2,assets/P3/city.jpeg,🏙️
may,P3,,code,A2,assets/P3/code.jpeg,💻
may,P3,,coin,A2,,
may,P3,,cold,A2,assets/P3/cold.jpeg,🥶
may,P3,,dish,A2,assets/P3/dish.jpeg,🍽️
may,P3,,draw,A2,,✏️
may,P3,,drop,A2,assets/P3/drop.jpeg,💧
may,P3,,farm,A2,,🚜
may,P3,,feed,A2,assets/P3/feed.jpeg,🍼
may,P3,,feet,A2,,🦶
may,P3,,film,A2,,🎬
may,P4,,ht,A2,,
may,P4,,ant,A2,,🐜
may,P4,,bee,A2,,🐝
may,P4,,bow,A2,,🎀
may,P4,,bus,A2,,🚌
may,P4,,dam,A2,,
may,P4,,den,A2,,
may,P4,,dip,A2,assets/P4/dip.jpeg,🥣
may,P4,,egg,A2,,🥚
may,P4,,fig,A2,assets/P4/fig.jpeg,🍈
may,P4,,gas,A2,,💨
may,P4,,hen,A2,,🐔
may,P4,,hop,A2,assets/P4/hop.jpeg,🦘
may,P4,,hot,A2,,🔥
may,P4,,ill,A2,,🤒
may,P4,,key,A2,assets/P4/key.jpeg,🔑
may,P4,,lay,A2,assets/P4/lay.JPG,🥚
may,P4,,map,A2,,🗺️
may,P4,,mix,A2,assets/P4/mix.jpeg,🥄
may,P4,,owl,A2,,🦉
may,P4,,pea,A2,,
may,P4,,pen,A2,,🖊️
may,P4,,row,A2,,🚣
may,P4,,sea,A2,,
may,P4,,tin,A2,assets/P4/tin.jpeg,🥫
may,P4,,zoo,A2,,🦁
may,P4,,ball,A2,,⚽
may,P4,,bang,A2,assets/P4/bang.jpeg,💥
may,P4,,bike,A2,,🚲
may,P4,,boat,A2,,⛵
may,P4,,book,A2,,📖
may,P4,,boot,A2,,🥾
may,P4,,camp,A2,,🏕️
may,P4,,chin,A2,,😀
may,P4,,coil,A2,assets/P4/coil.jpeg,🌀
may,P4,,cook,A2,assets/P4/cook.jpeg,👨‍🍳
may,P4,,crab,A2,,🦀
may,P4,,dish,A2,assets/P4/dish.jpeg,🍽️
may,P4,,dive,A2,,
may,P4,,fast,A2,,💨
may,P4,,film,A2,assets/P4/film.jpeg,🎬
may,P4,,fish,A2,,🐟
may,P4,,fold,A2,assets/P4/fold.jpeg,📄
may,P4,,gasp,A2,assets/P4/gasp.jpeg,😮
may,P4,,gate,A2,assets/P4/gate.jpeg,🚪
may,P4,,gong,A2,,
may,P4,,hall,A2,,
may,P4,,hand,A2,,✋
may,P4,,hard,A2,,🪨
may,P4,,hike,A2,,🥾
may,P5,,dry,B1,,🏜️
may,P5,,fry,B1,,
may,P5,,icy,B1,,
may,P5,,map,B1,,🗺️
may,P5,,mix,B1,,🥄
may,P5,,sew,B1,,🪡
may,P5,,war,B1,,⚔️
may,P5,,wet,B1,,💧
may,P5,,zip,B1,,
may,P5,,army,B1,,🎖️
may,P5,,bake,B1,,🧁
may,P5,,blow,B1,,
may,P5,,boil,B1,,
may,P5,,care,B1,assets/P5/care.jpeg,💗
may,P5,,chew,B1,,😋
may,P5,,coat,B1,,🧥
may,P5,,cool,B1,,
may,P5,,cozy,B1,,
may,P5,,data,B1,assets/P5/data.jpeg,📊
may,P5,,fats,B1,,
may,P5,,file,B1,,
may,P5,,film,B1,,🎬
may,P5,,flow,B1,,🌊
may,P5,,fold,B1,,📄
may,P5,,from,B1,assets/P5/from.jpeg,
may,P5,,hang,B1,assets/P5/hang.jpeg,🪝
may,P5,,hike,B1,assets/P5/hike.jpeg,🥾
may,P5,,hole,B1,,🕳️
may,P5,,into,B1,assets/P5/into.jpeg,
may,P5,,jail,B1,,🔒
may,P5,,jive,B1,assets/P5/jive.jpeg,💃
may,P5,,land,B1,,🏞️
may,P5,,late,B1,,
may,P5,,lean,B1,assets/P5/lean.jpeg,🚶
may,P5,,less,B1,assets/P5/less.jpeg,
may,P5,,logo,B1,assets/P5/logo.jpeg,🏷️
may,P5,,make,B1,assets/P5/make.jpeg,🔨
may,P5,,meal,B1,,
may,P5,,melt,B1,,
may,P5,,more,B1,assets/P5/more.jpeg,
may,P5,,pack,B1,,
may,P5,,park,B1,,🏞️
may,P5,,pour,B1,,🫗
may,P5,,rain,B1,,🌧️
may,P5,,roll,B1,assets/P5/roll.jpeg,🎲
may,P5,,save,B1,,
may,P5,,scan,B1,,📠
may,P5,,slip,B1,assets/P5/slip.jpeg,🤸
may,P5,,slow,B1,,🐢
may,P5,,snow,B1,,❄️
may,P6,,art,B1,,🎨
may,P6,,fig,B1,,🍈
may,P6,,fin,B1,,🐟
may,P6,,job,B1,,
may,P6,,law,B1,assets/P6/law.jpeg,⚖️
may,P6,,map,B1,,🗺️
may,P6,,spy,B1,assets/P6/spy.jpeg,🕵️
may,P6,,tip,B1,,
may,P6,,beak,B1,,🐦
may,P6,,bunk,B1,assets/P6/bunk.jpeg,🛏️
may,P6,,card,B1,,💌
may,P6,,care,B1,assets/P6/care.jpeg,💗
may,P6,,cash,B1,,
may,P6,,city,B1,assets/P6/city.jpeg,🏙️
may,P6,,claw,B1,,🐾
may,P6,,coin,B1,,
may,P6,,cost,B1,,
may,P6,,crab,B1,,🦀
may,P6,,crew,B1,,
may,P6,,debt,B1,,
may,P6,,deer,B1,,
may,P6,,duty,B1,assets/P6/duty.jpeg,📋
may,P6,,fire,B1,,🔥
may,P6,,fund,B1,,
may,P6,,goal,B1,,
may,P6,,gold,B1,,
may,P6,,hope,B1,assets/P6/hope.jpeg,🤞
may,P6,,jazz,B1,,
may,P6,,joke,B1,,
may,P6,,list,B1,,📋
may,P6,,loan,B1,,
may,P6,,love,B1,,❤️
may,P6,,nest,B1,,🪹
may,P6,,newt,B1,,
may,P6,,plan,B1,,
may,P6,,poem,B1,,📜
may,P6,,reef,B1,,
may,P6,,rock,B1,,🪨
may,P6,,role,B1,assets/P6/role.jpeg,🎭
may,P6,,rope,B1,,
may,P6,,scan,B1,assets/P6/scan.jpeg,📠
may,P6,,seal,B1,,🦭
may,P6,,ship,B1,,🚢
may,P6,,shop,B1,,🏪
may,P6,,spin,B1,assets/P6/spin.jpeg,🌀
may,P6,,star,B1,assets/P6/star.jpeg,⭐
may,P6,,tail,B1,,🐕
may,P6,,toad,B1,,
may,P6,,tour,B1,,
may,P6,,town,B1,,🏘️
